,id,name,overall_rating,review_count,address,city,state,zip
0,NmyEFw_9tKeHarAiUvtF3w,Prince Street Pizza,4.5,157,9161 Sunset Blvd,West Hollywood,CA,90069
1,RVbZaawgEGmto6TxOoVBdQ,Running Goose,4.5,1078,1620 N Cahuenga Blvd,Los Angeles,CA,90028
2,7O1ORGY36A-2aIENyaJWPg,Howlin' Ray's,4.5,6577,727 N Broadway,Los Angeles,CA,90012
3,z0zaCVA-p_5xTsyUZrmR0g,Republique,4.0,5618,624 S La Brea Ave,Los Angeles,CA,90036
4,6i7KnRylm4bhPIApDFSVCg,Dave's Hot Chicken,4.5,3361,970 N Western Ave,Los Angeles,CA,90029
5,KQBGm5G8IDkE8LeNY45mbA,Wurstküche,4.0,8434,800 E 3rd St,Los Angeles,CA,90013
6,kdTFcDSl9vAR-btEm1Q2uw,Bao Dim Sum House,4.0,3007,8256 Beverly Blvd,Los Angeles,CA,90048
7,Z57u3vyjkRiO5yIOkmGRNA,Carousel Restaurant,4.5,749,5112 Hollywood Blvd,Los Angeles,CA,90027
8,ldFmjtF8VzOdzvn-Emn_TQ,Nativo,5.0,21,5137 York Blvd,Los Angeles,CA,90042
9,K-Fbh2WCHlqR56H9TnfpNA,Perch,4.0,8052,448 S Hill St,Los Angeles,CA,90013
10,h1R2iKYdm2lwukzMJvJqDw,Hangari Kalguksu,4.5,1714,3470 W 6th St,Los Angeles,CA,90020
11,GbAZbcCR969hfa4kCQqRcw,Eat This Cafe,4.5,1264,6547 Santa Monica Blvd,Los Angeles,CA,90038
12,qCJ2LFfNbXYBIcjXNva1cA,Langer's Delicatessen,4.5,3826,704 S Alvarado St,Los Angeles,CA,90057
13,SLxKy00itrk-ta8r8zCzTA,Easy Street Burgers,4.5,113,1000 N Western Ave,Los Angeles,CA,90029
14,0z23Jk7U_MpvtqKINPL2fA,Dirt Dog,4.5,2238,2528 S Figueroa St,Los Angeles,CA,90007
15,CcqraT0cuGKYEcZ1ri_kxg,BROKEN MOUTH | Lee's Homestyle,5.0,904,231 E 9th St,Los Angeles,CA,90015
16,rr-hXB0ZqXLzUP97yftp0g,Osteria Mamma,4.0,1646,5732 Melrose Ave,Los Angeles,CA,90038
17,AIhWsp8yNfKZfaX9d9Yajg,Pasta Sisters,4.5,1545,3343 W Pico Blvd,Los Angeles,CA,90019
18,IzRINfSLBr6k_dq1e2WNew,Guelaguetza Restaurante,4.0,2318,3014 W Olympic Blvd,Los Angeles,CA,90006
19,drtTr9Mxv4mv_AjZ4gvq5A,Pink's Hot Dogs,3.5,7154,709 N La Brea Ave,Los Angeles,CA,90038
20,vdA6RxwC8wrCrza0FSAt-w,Papi Tacos & Churros,4.0,418,2622 W Jefferson Blvd,Los Angeles,CA,90018
21,DrToq9357afdpOyO5w0Y5w,Yup Dduk LA,4.5,2071,3603 W 6th St,Los Angeles,CA,90020
22,qCrSlf_TSVxITOYIBXGdJQ,Cannabis Cafe,3.5,676,1201 N La Brea Ave,West Hollywood,CA,90038
23,ohosmz6FXVAeoW5nUkYwng,Pine & Crane,4.5,2324,1521 Griffith Park Blvd,Los Angeles,CA,90026
24,UaxSpacBpGQrXv9Cytai2A,Woo Hyang Woo,5.0,96,3429 W 6th St,Los Angeles,CA,90020
25,QRp8xguSU7XeXH72LDnRFw,Versailles,4.0,1489,1415 S La Cienega Blvd,Los Angeles,CA,90035
26,SqWYLEwZxJY7Et8w24lzjw,Crispy School,5.0,342,526 S Occidental Blvd,Los Angeles,CA,90057
27,VzHJuws0xqcqDe5D9vNRUw,Lobster & Beer,4.0,805,3456 Motor Ave,Los Angeles,CA,90034
28,_n0fEUZdbkLOimHz_IXkiQ,JOEY DTLA,4.5,1006,700 W 7th St,Los Angeles,CA,90017
29,pjh40JY5YwWeV8aKhkXERg,Myungrang Hot Dog-California Market LA,4.5,857,450 S Western Ave,Los Angeles,CA,90020
30,mcHP3IfI1b7bXJZKD6PLHA,Angry Chickz,4.5,924,5065 Hollywood Blvd,Los Angeles,CA,90027
31,DJek3FUewBzMc0gS-Gms9w,Morrison Atwater Village,4.5,4427,3179 Los Feliz Blvd,Los Angeles,CA,90039
32,DYmSjWNUbU5tyo_gQ7PO5g,Mizlala,4.5,318,5400 W Adams Blvd,Los Angeles,CA,90016
33,qAAoilHU25Qr45FOQlA19g,Kang Ho-dong Baekjeong,4.5,4327,3465 W 6th St,Los Angeles,CA,90020
34,JYGPEUZy4k5ObXGIjcD3DA,Hae Jang Chon Korean BBQ Restaurant,4.0,5020,3821 W 6th St,Los Angeles,CA,90020
35,30jrTz8vh1xSXdtXMvt-mA,My Two Cents,4.5,703,5583 W Pico Blvd,Los Angeles,CA,90019
36,3C2wUqSkpY4-N0O5ArVjwQ,Yuk Dae Jang,4.5,563,3033 W 6th St,Los Angeles,CA,90020
37,Fb3WueRF1ekhs72psinq5w,Mario's Peruvian & Seafood,4.0,2365,5786 Melrose Ave,Los Angeles,CA,90038
38,qDmJaJjLtjcB4Evd-VCbNA,Simpang Asia,4.0,1614,10433 National Blvd,Los Angeles,CA,90034
39,7s6lIJrg0EMfHYG6tYTMqg,El Cochinito Restaurant,4.0,756,3508 W Sunset Blvd,Los Angeles,CA,90026
40,rfVUBEy2i9aHsKjsJbqZwA,Haidilao Hot Pot,4.0,62,10250 Santa Monica Blvd,Los Angeles,CA,90067
41,alBO2iwK6ilrykLvtSlNtg,Sichuan Impression,4.0,438,11057 Santa Monica Blvd,Los Angeles,CA,90025
42,gX802b6PyS51OjFrXacWfA,Holy Basil,5.0,31,718 S Los Angeles St,Los Angeles,CA,90014
43,23Qrcz2i9e2e8MstUIIO0A,Yuko Kitchen,4.5,1592,5484 Wilshire Blvd,Los Angeles,CA,90036
44,iz9FDLvrjgleo_cGm2w94A,Dave’s Hot Chicken,4.0,66,465 N Fairfax Ave,Los Angeles,CA,90036
45,EKrVpJqTXBjbbJPgHusibQ,Stevie's Creole Cafe,4.0,634,5545 W Pico Blvd,Los Angeles,CA,90019
46,TWHGJkTAbF22hvXeReQp9w,Kobawoo House,4.5,1230,698 S Vermont Ave,Los Angeles,CA,90005
47,h_VkRMpSrtjdKDxUJ7sDOQ,Lala's Argentine Grill,4.0,1994,7229 Melrose Ave,Los Angeles,CA,90046
48,h2u-coGd8WWClyU3b7jf8w,Met Her At A Bar,4.5,1552,759 S La Brea Ave,Los Angeles,CA,90036
49,tW4eYiMzeWtcJS7kLHL54g,Pampas Grill,4.0,1228,6333 W 3rd St,Los Angeles,CA,90036
50,e8yeADAtTGRyzkOLG5iKSg,Little Jewel of New Orleans,4.0,1757,207 Ord St,Los Angeles,CA,90012
51,CV0KQ5WpplP2hmzMFtjlgQ,Cleo Hollywood,4.0,1752,1717 Vine St,Los Angeles,CA,90028
52,fEY0zHaDMfIW3-N__joDKQ,Bestia,4.5,6220,2121 E 7th Pl,Los Angeles,CA,90021
53,GPGSBlT_Qivav8vH_d2yOg,Din Tai Fung,4.0,1640,10250 Santa Monica Blvd,Los Angeles,CA,90067
54,88kri8FhXy8b3DQ_QjSMmQ,L'Antica Pizzeria Da Michele,4.5,734,1534 N McCadden Pl,Los Angeles,CA,90028
55,MlmcOkwaNnxl3Zuk6HsPCQ,Slurpin' Ramen Bar - Los Angeles,4.5,4596,3500 W 8th St,Los Angeles,CA,90005
56,AxPJlSxkCJVJk3sSTL_8OA,Philippe the Original,4.0,6281,1001 N Alameda St,Los Angeles,CA,90012
57,lCQaymsrtgmWDMPcEuueeQ,Slab,4.0,436,8136 W 3rd St,Los Angeles,CA,90048
58,oZG16DktFsm-Sl-KDSny_g,Katsu Sando,4.0,104,736 N Broadway,Los Angeles,CA,90012
59,ssAlyvM97hroBeVPVJPgwA,Versailles Cuban Food,4.0,2332,10319 Venice Blvd,Los Angeles,CA,90034
60,nqYbRGPmYA0X_sjSBtXpgw,Sidewalk Grill,4.5,1012,1727 N Vermont Ave,Los Angeles,CA,90027
61,1ZEUvoDlg7ixlwwlK2a3mQ,Ha Sun Saeng - Master Ha,4.5,367,1147 S Western Ave,Los Angeles,CA,90006
62,uzAbw27XQTXTivjgf2bN2w,Han Bat Sul Lung Tang,4.5,2277,4163 W 5th St,Los Angeles,CA,90020
63,-XwCatxfjyujeYbhh6ukrQ,Larchmont Village Wine Spirits & Cheese,4.5,936,223 N Larchmont Blvd,Los Angeles,CA,90004
64,y4X0KfHJ5XWwxMIRukVr1Q,CHD,4.5,72,3377 Wilshire Blvd,Los Angeles,CA,90010
65,2JdQ9vo87C5dQroHzW0oYg,Go Go Bird,4.5,3,1550 N El Centro Ave,Los Angeles,CA,90028
66,BDRVlHnK4l0T0ANb7M-Eqg,Guisados,4.5,2146,1261 W Sunset Blvd,Los Angeles,CA,90026
67,gTnENRgQRiVa3LxKO6FaBg,Taste of the Caribbean,4.5,22,5912 S Normandie Ave,Los Angeles,CA,90044
68,fxeuGYnoRWwm5aGDg1FRJA,Marugame Monzo,4.5,3776,329 E 1st St,Los Angeles,CA,90012
69,0SerWqGwzNWpTA2RBLVdUg,Sun Nong Dan,4.0,1684,3470 W 6th St,Los Angeles,CA,90020
70,c6-7m0hafQmFyBgWU2XtIg,Marugame Udon,4.0,1433,2029 Sawtelle Blvd,Los Angeles,CA,90025
71,Ti2Ksp2oPj6rpdp2tQcaVA,Sonoratown,4.5,1218,208 E 8th St,Los Angeles,CA,90014
72,FoEMpu0X_bGCb7yRreMxMQ,Tsujita LA Artisan Noodle,4.0,4033,2057 Sawtelle Blvd,Los Angeles,CA,90025
73,mrEgKltVkacoD6ZNWzQjyg,Bang Bang Noodles,4.0,98,5018 York Blvd,Los Angeles,CA,90042
74,wo3wnj3pMSOPkzqpvbey-g,Bavel,4.5,1396,500 Mateo St,Los Angeles,CA,90013
75,3XTjerBg_PywBN81Ts45Bg,India's Restaurant,4.5,2898,4366 Fountain Ave,Los Angeles,CA,90029
76,1_snyhjeEuI70cozQW0fzA,Rutt's Hawaiian Cafe,4.0,1778,11707 Washington Pl,Los Angeles,CA,90066
77,ZlQo_ArRw-nnHcrcnYPbiA,Yang Chow,4.0,2652,819 N Broadway,Los Angeles,CA,90012
78,DoyIC0ElqglrlHBKDxXOwg,Sugar Taco,4.5,568,7257 Melrose Ave,Los Angeles,CA,90046
79,mQMCi60kT3UeVuDiOckG_w,Tracey's Belizean Restaurant,4.5,131,3810 S Western Ave,Los Angeles,CA,90062
80,6b1Kud4nDwsqw1kILxI9ZQ,ixlb DimSum Eats,4.5,670,5900 Sunset Blvd,Los Angeles,CA,90028
81,z959VbY5YuiAyJhTS_PgWA,Mendocino Farms,4.5,1140,175 S Fairfax Ave,Los Angeles,CA,90036
82,iSZpZgVnASwEmlq0DORY2A,Daikokuya Little Tokyo,4.0,8613,327 E 1st St,Los Angeles,CA,90012
83,Dnn4_XmzQxOFNpnqh7KyWg,Seongbukdong,4.0,1123,3303 W 6th St,Los Angeles,CA,90020
84,6QeZEUhFk1_vZhWvktKnmA,Fat Sal's Deli - Hollywood,4.0,2184,1300 N Highland Ave,Los Angeles,CA,90028
85,ru7TAEo7lkbxMmkbFRGFMw,La Cevicheria,4.5,889,3809 W Pico Blvd,Los Angeles,CA,90019
86,YetYHIRKrZDGHZ50I_RMag,Joe's Falafel,4.5,2094,3535 Cahuenga Blvd W,Los Angeles,CA,90068
87,gxrQw6uNbO7AYMykhePHAQ,The Ivy,3.5,2004,113 N Robertson Blvd,Los Angeles,CA,90048
88,H9ZlIqEp930ZRniH6VRp8w,Papa Cristo's,4.5,1960,2771 W Pico Blvd,Los Angeles,CA,90006
89,vrGfzIrzeKbXZ_WGubBb3Q,Boo's Philly Cheesesteaks - Silverlake,4.5,1194,4501 Fountain Ave,Los Angeles,CA,90029
90,6Dd4kTDiikEB3wQp___0fA,Taqueria Los Anaya,4.5,1215,4651 W Adams Blvd,Los Angeles,CA,90016
91,4ZmXcttDdx9KRGUi6tMWFQ,Dulan's On Crenshaw,4.0,664,4859 Crenshaw Blvd,Los Angeles,CA,90043
92,jVYU9iXvBMiC2A4H12Azfg,AOC,4.0,2314,8700 W 3rd St,Los Angeles,CA,90048
93,m_Mb47u9F_G8NR0Fmg6GRg,CAVA,4.0,218,3201 S Hoover,Los Angeles,CA,90089
94,HuQtriV_ApipXfM8xax33w,Met Him At A Bar,4.5,186,801 S La Brea,Los Angeles,CA,90036
95,us0WnDOySVXXXwCqs0AaCw,いざかや おせん- IZAKAYA OSEN,4.5,870,2903 Sunset Blvd,Los Angeles,CA,90026
96,u9sTaFMUwRTsRBozTzNZog,LASA,4.5,503,727 N Broadway,Los Angeles,CA,90012
97,KOeuULPL0ZrIqfVU_Zcyhw,Mike's Deli,4.5,873,4859 W Slauson Ave,Los Angeles,CA,90056
98,znoEE4b4_AnbjejPehM8Mw,Hotville Chicken,4.0,255,4070 Marlton Ave,Los Angeles,CA,90008
99,2jE8MmJk1R3vfCz0roFwXQ,Seoul Pho,4.5,123,450 S Western Ave,Los Angeles,CA,90020
100,q97MIGXESdhak-LhGKDl0Q,Sqirl,4.0,2055,720 N Virgil Ave,Los Angeles,CA,90029
101,BzmbRSKGs56Yw2w2R12khw,Hoy-Ka Thai Restaurant,4.5,1891,5908 Sunset Blvd,Los Angeles,CA,90028
102,5V7zNZ9IdSUCYrZRXAg2hA,Yard House,3.5,2681,800 W Olympic Blvd,Los Angeles,CA,90015
103,RrqZgfxIKRi6_s6lXaYVzQ,Carney's Sunset Strip,4.0,797,8351 W Sunset Blvd,Los Angeles,CA,90069
104,5LU6aNLDG10imXu3btmlcw,Annie's Soul Delicious,4.5,212,1066 S Fairfax Ave,Los Angeles,CA,90019
105,m0OgyFfWE62eDf7kpSp-2w,Jopok Topokki,4.5,759,3407 W 6th St,Los Angeles,CA,90013
106,K3msdd0tuGwuE2fm_W94MQ,Best Fish Taco In Ensenada,4.0,2199,1650 Hillhurst Ave,Los Angeles,CA,90027
107,b4SH4SbQUJfXxh6hNkF0wg,Eggslut,4.0,5818,317 S Broadway,Los Angeles,CA,90013
108,vs8USEc1A480H8MnmFKs5A,Chadolpoong,4.5,321,3470 W 6th St,Los Angeles,CA,90020
109,1k6hSTQO9E4iSzwyx8yTUw,Ta-eem Grill,4.5,1128,7422 Melrose Ave,Los Angeles,CA,90046
110,PlQjtbZKOw7exAUfrswhNQ,The Kimbap,4.5,592,400 S Western Ave,Los Angeles,CA,90020
111,E4W2T89vm4hmBwk39EoUuw,Tatsu Ramen,4.0,3625,7111 Melrose Ave,Los Angeles,CA,90046
112,Wbysqh4S6OlrTy8oRuitpw,Milpa Grille,5.0,132,2633 E Cesar E Chavez Ave,Los Angeles,CA,90033
113,Mywk3nUsqPvmzJiEOw4XYw,Pearl River Deli,5.0,117,727 N Broadway,Los Angeles,CA,90012
114,lC1ZQiF8QrTqAWIz_zWAOw,dan modern chinese,4.5,19,12775 W Millennium Dr,Los Angeles,CA,90094
115,HXWdcnzYG1zmf0vDplmEEQ,The Crack Shack,4.0,416,10250 Santa Monica Blvd,Los Angeles,CA,90067
116,cD57FLQ-v-brcFOLZ0X0cQ,LA Rose Cafe,4.5,1006,4749 Fountain Ave,Los Angeles,CA,90029
117,pAWfcO6e2ae2pIkJXWO-yA,Roscoe's House of Chicken & Waffles,4.0,3988,1514 N Gower St,Los Angeles,CA,90028
118,bY6RStcfjyCJtDr8nLpohQ,Dune,4.5,775,3143 Glendale Blvd,Los Angeles,CA,90039
119,zC__7xADu7cWu-RE6P4Npg,Michin Dak,4.5,416,3324 W 6th St,Los Angeles,CA,90020
120,QWtzUp4zLqzjA_jxLbvDvA,Granny's Kitchen,4.0,357,5440 S Central Ave,Los Angeles,CA,90011
121,6RDro8iSto0thExOPC3SIw,LA Brisket,4.5,135,736 N Broadway,Los Angeles,CA,90012
122,eoOJbi94rj9277dG7WIv0A,Home Restaurant - Los Feliz,4.0,3009,1760 Hillhurst Ave,Los Angeles,CA,90027
123,GT9hiv72iGarl6vx9WM7DQ,Lady Byrd Cafe,4.0,334,2100 Echo Park Ave,Los Angeles,CA,90026
124,gd6PYDx-leOM97a3MWoO1g,Maccheroni Republic,4.5,3018,332 S Broadway,Los Angeles,CA,90013
125,HTFByVH44biQsc_R8sEOjg,BCD Tofu House,4.0,4360,3575 Wilshire Blvd,Los Angeles,CA,90010
126,9OhKC782fYh0akM1VIfMxQ,The Carving Board,4.5,696,7300 Sunset Blvd,Los Angeles,CA,90046
127,fntgJytgOwc_QKEWY1WW9Q,Gigi's,5.0,5,904 N Sycamore Ave,Los Angeles,CA,90038
128,iD-G9bACYgkBWOq_IAGVVA,The Grain Cafe,4.5,941,4222 W Pico Blvd,Los Angeles,CA,90019
129,eNPaF_hVdpxMkzyq9kenYQ,The Park's Finest,4.0,2087,1267 W Temple St,Los Angeles,CA,90026
130,xU6pcazbyB1lxA631YJEkg,Joy,4.5,878,5100 York Blvd,Los Angeles,CA,90042
131,l2TpbvvizsNl-GBCRb8I1A,Taste of Tehran,4.5,944,1915 Westwood Blvd,Los Angeles,CA,90025
132,6GTaESIP0r1oFunFqqevsw,Cafe Gratitude,4.0,2114,639 N Larchmont Blvd,Los Angeles,CA,90004
133,RgLppz8IyYLM6eQZklOv9w,Spitz - Los Feliz,4.0,772,1725 Hillhurst Ave,Los Angeles,CA,90027
134,ho3kMMflXm9q9skQui4ioQ,Chef Kang Korean Taco,5.0,8,3881 Wilshire Blvd,Los Angeles,CA,90010
135,hPevQl0mBhTFUXZ0baMq0Q,RiceBox,4.5,234,541 S Spring St,Los Angeles,CA,90013
136,CbW8U0QAwh5XRkaLt0xNZA,Masa of Echo Park,4.0,4249,1800 W Sunset Blvd,Los Angeles,CA,90026
137,YoQn8MtOimQbqi839TmeZw,Osteria Mozza,4.0,2816,6602 Melrose Ave,Los Angeles,CA,90038
138,aVOeM9zGvIcyKuJWEMxc5w,Dave's Hot Chicken,4.0,316,3462 Wilshire Blvd,Los Angeles,CA,90010
139,RAzUPIaCuqufZoPV9gwzUQ,Honeybird,4.0,149,3201 S Hoover St,Los Angeles,CA,90007
140,H6zhdp4uIC7a8Dq-ZBjH4Q,Wax Paper,4.5,324,2902 Knox Ave,Los Angeles,CA,90039
141,c7xLlX7RjxD0WUcl2sm4Lw,Faith & Flower,4.0,2526,705 W 9th St,Los Angeles,CA,90015
142,ta7GyGyMGnn_LeJkUeLqdQ,Wood Spoon,4.0,1407,107 W 9th St,Los Angeles,CA,90015
143,BEItepse0gBSfkJ4sb_k-g,Hae Ha Heng Thai Bistro,4.5,1245,301 S Western Ave,Los Angeles,CA,90020
144,kXrHt3XkNd_q5rISuvuvVg,Berlins,4.5,1002,8474 W 3rd St,Los Angeles,CA,90048
145,a_uYoJZXXU6qchol8caoGA,SUPAMU,4.5,12,615 N Western Ave,Los Angeles,CA,90004
146,cG2QWy4XDW4V-l4ufEKYnQ,Lalibela Ethiopian Restaurant,4.5,418,1025 S Fairfax Ave,Los Angeles,CA,90019
147,1lxtw52CJ9ip6VqQCzt2Fw,The Burrow,5.0,280,821 S Flower St,Los Angeles,CA,90017
148,qLEz9y4lYHzEBko0o6SXpQ,LA Prime,4.0,944,404 S Figueroa St,Los Angeles,CA,90071
149,-2j7SP_13FMBGOr4ds_nfQ,Wings & Pot,4.0,321,2108 W Manchester Ave,Los Angeles,CA,90047
150,71W-QN3-_DHnzUkAc7EG6Q,Stout Burgers & Beers,4.0,2117,1544 N Cahuenga Blvd,Los Angeles,CA,90028
151,YBmk31pBPukmnRyioe5uBA,Sushi Gen,4.5,3796,422 E 2nd St,Los Angeles,CA,90012
152,ugtb8TqL2BgeSeLyB6hDyg,the quiet dumpling,5.0,5,4850 Fountain Ave,Los Angeles,CA,90029
153,XrPVlXXa4cHLm7qKWFkfCg,A Food Affair,4.5,1319,1513 S Robertson Blvd,Los Angeles,CA,90035
154,pxg3VJKR9sA7cJqgXFTrSw,Dollar Hits,4.0,338,2422 W Temple St,Los Angeles,CA,90026
155,UdpE_5k2c3zsGBFdcAjMGA,Ruen Pair,4.0,1793,5257 Hollywood Blvd,Los Angeles,CA,90027
156,AyZUXwC5E-U6WInXGqcmcA,Sanamluang Cafe,4.0,1556,5176 Hollywood Blvd,Los Angeles,CA,90027
157,5fyAYfkNyWQM14gdyHZz3A,Bronzed Aussie,4.5,625,1437 S Robertson Blvd,Los Angeles,CA,90035
158,LLj451UZrvt3SkZVrEZ4ew,MDK  Noodles,4.0,1262,3630 Wilshire Blvd,Los Angeles,CA,90010
159,QHqdoF0ZvI-RXFIJwE5vLw,The Kluckin Chicken,4.5,222,5022 Melrose Ave,Los Angeles,CA,90038
160,9oQnnXSTo8i2TliFPktxLg,Sonoritas Prime Tacos,4.0,1206,2004 Sawtelle Blvd,Los Angeles,CA,90025
161,LYVDeb2iF1DqFYc0ASXnYQ,Chell Sotoon Grill,5.0,68,400 S San Vicente Blvd,Los Angeles,CA,90048
162,eCfyO7laigVXu5VnaPcdmQ,Openaire,4.0,693,3515 Wilshire Blvd,Los Angeles,CA,90010
163,S3CWNRdNqsIe62yvCEPfdw,Cara Restaurant,4.0,19,1730 N Western Ave,Los Angeles,CA,90027
164,TsVu9GJQwuFBZVP_sg2k7A,Quarters Korean BBQ,4.0,2811,3465 W 6th St,Los Angeles,CA,90020
165,yTnnNiL-Q5IB966ddWvqPw,Singapore's Banana Leaf,3.5,698,6333 W 3rd St,Los Angeles,CA,90036
166,bOvnQYw5JJDhpOn70_RUkQ,Oui Melrose,5.0,89,6909 Melrose Ave,Los Angeles,CA,90038
167,cAwkHVjhAJpsZOayXgUIHw,Three Borders Brunch & Grill,5.0,352,5269 W Olympic Blvd,Los Angeles,CA,90036
168,b1jidrgK5asQBXQ0Y0cvvg,TGI Korean BBQ,4.5,541,2585 W Olympic Blvd,Los Angeles,CA,90006
169,PXYKRPkEcf4Mczfp_AfP0w,Corn Man,4.5,949,2338 Workman St,Los Angeles,CA,90031
170,4_m1nEcmKomgzQj0wleURw,Soom Soom Fresh Mediterranean - Los Angeles,4.0,438,8744 W 3rd St,Los Angeles,CA,90048
171,-2AdXfCXYjLBuyFc0KFFXA,Fish Grill,4.0,292,7226 Beverly Blvd,Los Angeles,CA,90036
172,r-fSfUmzulH_k8_hfrEFVw,All About the Bread,4.0,1048,7111 Melrose Ave,Los Angeles,CA,90046
173,nxUUYDgQ-VWwjaxmRGJBkg,Spitz - Little Tokyo,4.0,1640,371 E 2nd St,Los Angeles,CA,90012
174,cEGNvEu0QtRLs7uVqY0dag,Mendocino Farms,4.5,799,735 S Figueroa Ave,Los Angeles,CA,90017
175,-3S1PdyDbSQcqkIaX8VKrQ,Wirtshaus,4.0,888,345 N La Brea Ave,Los Angeles,CA,90036
176,26fIBSlQkaTa29uoKAvZOw,Burgers Never Say Die,4.0,651,2388 Glendale Blvd,Los Angeles,CA,90039
177,7Oi_8YdLTouxhKx3vBIR8A,Falafel-Arax,4.5,327,5101 Santa Monica Blvd,Los Angeles,CA,90029
178,jS8MhTJpHmGYuxcKonGG-A,Kismet,4.0,474,4648 Hollywood Blvd,Los Angeles,CA,90027
179,NdLlLE6bv61KiVBtdds2lA,The Empanada Factory,4.0,318,2513 S Robertson Blvd,Los Angeles,CA,90034
180,RarITW4zBvhqKAK8FVOFCQ,Supremo,4.5,192,901 S La Brea Ave,Los Angeles,CA,90036
181,Kx_d7X7qjj9EoX-A7eC3gA,Maggiano's Little Italy,4.0,1895,189 The Grove Dr,Los Angeles,CA,90036
182,VQz6yZBj3l_T2XX-4mLV-Q,Emporium Thai,4.0,2342,1275 Westwood Blvd,Los Angeles,CA,90024
183,vC_6J_nGyf4J8xt-Vu6Shw,Chichen Itza Restaurant,4.5,1237,3655 S Grand Ave,Los Angeles,CA,90007
184,Baqs3SIHR60lXxXAFkjTDg,Bludso's Bar & Que,4.0,2203,609 N La Brea Ave,Los Angeles,CA,90036
185,PpVsIH7cA_mLZEOlzqrY8g,Lao Tao,4.0,523,727 N Broadway,Los Angeles,CA,90012
186,6w7A4JOwwsUka_DhZFFIDA,Monty’s Chicken & Waffles,4.5,79,358 W 38th St,Los Angeles,CA,90037
187,P_2Z_Wwk2Xtepobtxxsa6A,Din Tai Fung,4.0,3903,177 Caruso Ave,Glendale,CA,91210
188,fBLnD9qxQggvDSPyOBsBLg,Ong Ga Nae Korean BBQ,4.5,532,936 South Vermont Ave,Los Angeles,CA,90006
189,8LdFAPdaWMg9sVRgmRv0NQ,Mama Shelter Rooftop Bar,3.5,509,6500 Selma Ave,Los Angeles,CA,90028
190,Hd6wCJbQz81UdD_EyOumPA,Raffi's Place,4.5,4719,211 E Broadway,Glendale,CA,91205
191,qX4i4xyc-8Im4PLpJX-L8g,Alta West Adams,4.0,345,5359 West Adams Blvd,Los Angeles,CA,90016
192,0vRsHjV66oUDcszA8EWq0w,Kali Restaurant,4.5,582,5722 Melrose Ave,Los Angeles,CA,90038
193,TzIJzamxdVGc3zReKbLGaA,Providence,4.5,2680,5955 Melrose Ave,Los Angeles,CA,90038
194,-ZcCFCdqMwOPXItB3REecA,Petit Trois,4.0,866,718 N Highland Ave,Los Angeles,CA,90038
195,E9WhBvGEUK4mQxoReDcG3g,The Seafood Xperience,4.0,95,2100 W Florence Ave,Los Angeles,CA,90047
196,dl2EANNpRKjPBuQ_-iRrIA,Keepers,4.5,59,200 S Los Angeles St,Los Angeles,CA,90012
197,WnEQZDZ86ozJjnAkw8tYRQ,Chinchikurin - Little Tokyo,4.0,607,350 E 1st St,Los Angeles,CA,90012
198,S1JEJ_abdhiV5tZ89ENPfQ,Panini Kabob Grill - Downtown LA,4.0,1501,600 W 9th St,Los Angeles,CA,90015
199,sEeKjiCBChIQVks-4XjTJA,Killer Noodle Tsujita,4.0,863,2030 Sawtelle Blvd,Los Angeles,CA,90025
200,4nhEFFq4jeLj1OQlHGy_lw,Egg Bomb,4.5,21,3526 W 8th St,Los Angeles,CA,90005
201,d09ros9QhLRs9EgWbkkvvg,Caveman Kitchen,4.0,483,2215 S Vermont Ave,Los Angeles,CA,90007
202,-dXUxVZA3SL0W482Ccjkfg,Catch 56,4.5,526,5615 Hollywood Blvd,Los Angeles,CA,90028
203,8fnmCiqpLdtU2XvmofwjpA,Hoy's Wok Chinese Restaurant,4.0,671,7105 W Sunset Blvd,Los Angeles,CA,90046
204,IxuAHGu-eQ4fZJZTdzGTYQ,Gus's World Famous Fried Chicken,4.0,1467,1262 Crenshaw Blvd,Los Angeles,CA,90019
205,0WyRlH-fxOVLh1b3oEBEEQ,Urth Caffé- Downtown LA,4.0,5347,451 S Hewitt St,Los Angeles,CA,90013
206,hI1lsLwckjRqoYt1zHrVVA,hanchic.,5.0,80,2500 W 8th St,Los Angeles,CA,90057
207,uA3TautyZ7bby0w8Scwufg,Benny's Tacos & Chicken Rotisserie,4.5,2449,7101 W Manchester Ave,Los Angeles,CA,90045
208,Bq6I52mOTyC2iDHU2rh_5w,El Cartel,4.0,551,5515 Wilshire Blvd,Los Angeles,CA,90036
209,dOyEWOtr3h7kkyMQwWwDFA,Ohana Superette,4.0,182,2852 W Sunset Blvd,Los Angeles,CA,90026
210,hC745S5W4HTq606ySmBJNw,KazuNori  | The Original Hand Roll Bar,4.5,2823,421 S Main St,Los Angeles,CA,90013
211,beA_DlDpij8O9xK2B-NjEA,Mex Perú Gipsy,5.0,984,414 E 12th St,Los Angeles,CA,90015
212,tqjJYK3KyBjHRDsMT9kCpw,Oi Asian Fusion,4.5,533,4734 Hollywood Blvd,Los Angeles,CA,90027
213,dUPaip9XyZ0LZUpl3K6Ncg,Momed Atwater Village,4.0,619,3245 Casitas Ave,Los Angeles,CA,90039
214,q8buTNBt3FU9vie0D5OOxA,Pizzeria Mozza,4.0,4279,641 N Highland Ave,Los Angeles,CA,90036
215,B6fT0KdNWPKH9Yjaz06NiA,Biriyani Kabob House,4.5,899,3525 W 3rd St,Los Angeles,CA,90020
216,T2yz7XPwL8CpBUcwnHhfow,Chuy’s Tacos Dorados,4.5,167,1335 Willow St,Los Angeles,CA,90013
217,Bzux14VeAPzlNTjc9dS7NQ,L & E Oyster Bar,4.0,625,1637 Silver Lake Blvd,Los Angeles,CA,90026
218,iqjA5r6w_bFB2R4hseqhhQ,Dino's Chicken and Burgers,4.0,2047,2575 W Pico Blvd,Los Angeles,CA,90006
219,ayObtPXjSe0gALk8HVAxKg,Bowery Bungalow,4.5,479,4156 Santa Monica Blvd,Los Angeles,CA,90029
220,Lop79P2KM9zFUCCaBYz6zA,Tlayuda L.A. Restaurant,4.5,733,5450 Santa Monica Blvd,Los Angeles,CA,90029
221,x1Rn_VGbt1zzi_mxtB80wg,Pokémolé,4.0,342,530 S Occidental Blvd,Los Angeles,CA,90057
222,f3PFV3Kw7TLFcF3E9YgTSw,La Fonda Antioquena,4.0,434,5125 Melrose Ave,Los Angeles,CA,90038
223,dNxZ53R6QUYOFtd2q0-S2Q,Casablanca Moroccan kitchens,5.0,72,6919 Melrose Ave,Los Angeles,CA,90038
224,s9_gk-ABcZ8uOEQjD1bK7g,Banh Oui,4.5,221,1552 N Cahuenga Blvd,Los Angeles,CA,90028
225,57h63V30fRwAP6tm5Rs7Sg,Roscoe's House of Chicken & Waffles,4.0,2859,5006 W Pico Blvd,Los Angeles,CA,90019
226,VqG_rccDoUXreiaHH0DEUA,Guisados DTLA,4.5,1855,541 S Spring St,Los Angeles,CA,90013
227,yAuYzMcr57EVrPzyOcODlQ,Comfort LA,4.0,952,1110 E 7th St,Los Angeles,CA,90021
228,sHMQqLZqaMCZa5ICqpGiNg,Crab House,4.0,214,923 S Vermont Ave,Los Angeles,CA,90006
229,Osce6shPInsQLAhtJEJnng,El Zarape,4.5,658,5203 Fountain Ave,Los Angeles,CA,90029
230,frRPjJ03Ie5h9EPhFhjNIw,Bulgogi Hut,4.5,2428,3600 Wilshire Blvd,Los Angeles,CA,90010
231,ZtXe86gz0V-iVqYbBtDPFA,Hasiba,4.5,219,8532 Pico Blvd,Los Angeles,CA,90035
232,adrzBN4C3jpoCAzJX-xscw,Pa Ord Noodle,4.0,1467,5301 W Sunset Blvd,Los Angeles,CA,90027
233,CXmJB5LZeda27UeBGzk75Q,Pho Saigon Pearl,4.0,778,519 S Fairfax Ave,Los Angeles,CA,90036
234,W8RQPUOgLC7d_kO0h3B_QA,California Chicken Cafe,4.0,901,6805 Melrose Ave,Los Angeles,CA,90038
235,0O1PywQt1i2APvECFSSoBw,Hinoki & The Bird,3.5,1422,10 W Century Dr,Los Angeles,CA,90067
236,95Lnd5KJcOJJVrLDLYrDjg,The Terrace,5.0,4,225 N Canon Dr,Beverly Hills,CA,90210
237,_NEcYN1YhwHnkFsXlSTdHw,Papilles Bistro,4.5,496,6221 Franklin Ave,Los Angeles,CA,90028
238,ltt8RYM6nxMfDTDM6RmrBA,Shekarchi Restaurant,4.0,584,920 S Olive St,Los Angeles,CA,90015
239,fDIERa8MupwJMTJ97upAPg,Ackee Bamboo Jamaican Cuisine,4.0,391,4305 Degnan Blvd,Los Angeles,CA,90008
240,1nV2NBbRXiWYqjSNcSsYWA,Farmhouse,4.0,543,8509 W 3rd St,Los Angeles,CA,90048
241,k8xtuersBm2cZl0Lao2K5g,The Bun Shop,4.0,1617,151 N Western Ave,Los Angeles,CA,90004
242,9FuxqbYXM0vaPnzrQ7B_qQ,Soowon Galbi KBBQ Restaurant,4.5,2570,856 S Vermont Ave,Los Angeles,CA,90005
243,GClRpiOELwMXxodrS-FN6Q,Zankou Chicken - Hollywood,3.5,1073,5065 W Sunset Blvd,Los Angeles,CA,90027
244,CTFZnhYe6t2tLv_NLHiE-w,Open Sesame,4.0,763,7458 Beverly Blvd,Los Angeles,CA,90036
245,vfHJzF0ShYtwmotXE-0PiA,Figueroa Philly Cheesesteak,4.5,1132,3850 S Figueroa St,Los Angeles,CA,90037
246,ZV1cQKQfJBaG0Btm1-CArQ,Belizean Paradise,4.5,167,1271 S La Brea Ave,Los Angeles,CA,90019
247,MjWMuWJNlxNXr-KmAXL8KQ,Madre Oaxacan Restaurant and Mezcaleria,4.0,850,10426 National Blvd,Los Angeles,CA,90034
248,cywwDn2SYCoef0PUYOXygw,La Pupusa Urban Eatery,4.5,295,1051 W Washington Blvd,Los Angeles,CA,90015
249,N05X5dnwzpWvLg7ZRcMtcA,Escala,4.0,1217,3451 W 6th St,Los Angeles,CA,90020
250,7qZBxWisbeVI34gIeNpP1A,Palms Thai Restaurant,4.0,2754,5900 Hollywood Blvd,Los Angeles,CA,90028
251,59taFywC94rseFrt6J5c3A,Il Pastaio,4.0,1595,400 N Canon Dr,Beverly Hills,CA,90210
252,fHd8nRgoSpn1_dS9HP6fiw,Powerplant Superfood Cafe,4.5,636,5671 W Pico Blvd,Los Angeles,CA,90019
253,RY_72fCN2JsR9pbTBJD-LQ,Cielito Lindo,4.0,875,E-23 Olvera St,Los Angeles,CA,90012
254,7e9oi3zq_6pP_LU9YPEXLg,Rao's - Los Angeles,4.5,471,1006 Seward St,Los Angeles,CA,90038
255,IEElIOYoPqunZSgUx0h1-g,Chicken N Chips,4.5,219,2728 Fletcher Dr,Los Angeles,CA,90039
256,OSqzQvVG_5RFB5EMLA9BXw,Tasty Noodle House,4.0,302,8054 W 3rd St,Los Angeles,CA,90048
257,WjuO8PhtqINeWqm-ei8NQA,Dumpling House,4.5,580,3525 W 3rd St,Los Angeles,CA,90020
258,S8rXjn2aMaoONx468cWRag,Jang Choong Dong JokBal,4.0,56,2716 W Olympic Blvd,Los Angeles,CA,90006
259,uteG6HIb4an-y5fFCXWo7w,Anarkali Indian Restaurant,4.5,2921,7013 Melrose Ave,Los Angeles,CA,90038
260,4Zx7Lw4U6F0sXrV4aiIyqQ,Majordomo,4.0,999,1725 Naud St,Los Angeles,CA,90012
261,zHmptRuZilo_0QgfHlN7JA,Dashijiru,5.0,42,5001 Wilshire Blvd,Los Angeles,CA,90036
262,jrRMueuUYTHx94B80qio9g,My Dung Sandwich Shop,4.5,135,314 Ord St,Los Angeles,CA,90012
263,ki5SNb4Lli6uOklz6BXXGw,Blu Jam Café,4.0,5364,7371 Melrose Ave,Los Angeles,CA,90046
264,hwZ7OfKzqwdX1B4I54XMDQ,Viet On Melrose,5.0,17,5003 Melrose Ave,Los Angeles,CA,90038
265,cK9wMWnQEW9MdYjc-YWueg,The Factory Kitchen,4.0,1337,1300 Factory Pl,Los Angeles,CA,90013
266,YIR9z52KElQJeCxXFx5pGQ,Phillips Barbecue,3.5,538,2619 Crenshaw Blvd,Los Angeles,CA,90016
267,3e9GNOPdQH6SRxSPkw2FTQ,Forage,4.0,789,3823 W Sunset Blvd,Los Angeles,CA,90026
268,uMY7uC9m7HxRNAZGkjtdbA,Bossa Nova on Sunset,3.5,3216,7181 W Sunset Blvd,Los Angeles,CA,90046
269,NlT-6hFP0_6hPo36AW2lIA,Poppy + Rose,4.0,2433,765 Wall St,Los Angeles,CA,90014
270,t9d6aNZ4ynVB6JuFfoAeDw,Social Paella,5.0,83,,Los Angeles,CA,90071
271,98nL1641VKFPGBjCjVlaNA,Anwar's Kitchen,5.0,10,217 E 8th St,Los Angeles,CA,90014
272,Gm0rzA9EQD4GgSP9TimLPQ,Il Cielo,4.0,1308,9018 Burton Way,Beverly Hills,CA,90211
273,gY3McKZ54b8w_3yVU2qQPg,HiFi Kitchen,4.5,62,1667 Beverly Blvd,Los Angeles,CA,90026
274,TOtRBm4rnHtHo2S7-6LW5w,Carnes Asadas Pancho Lopez,5.0,158,3328 Pasadena Ave,Los Angeles,CA,90031
275,XHTsPRgT9UNBi_iZ15nFmw,Blue Bird Burgers,5.0,17,3601 W 3rd St,Los Angeles,CA,90020
276,YKN48-eYsNe6gaP_cWXNuQ,Soseji,5.0,3,3101 Artesian St,Los Angeles,CA,90031
277,lYfTKG3uhA5m4coAqWu4ng,Jaragua,4.0,432,4493 Beverly Blvd,Los Angeles,CA,90004
278,5oBl4waF3RT2b218OFTL4A,Harold & Belle's,3.5,952,2920 W Jefferson Blvd,Los Angeles,CA,90018
279,jisjJNoV5jzfAMIYKn7y5A,Chef Kang Sul Box,5.0,160,3881 Wilshire Blvd,Los Angeles,CA,90010
280,nxOmiITLYE3AdEqrSZIRDg,Young King,4.0,574,3100 W Olympic Blvd,Los Angeles,CA,90006
281,-KqNRM-drDM7Nu9i9xEnfA,La Pergoletta,4.5,920,1802 Hillhurst Ave,Los Angeles,CA,90027
282,xHuKx24Ho7vVWK600v1m3g,Teddy’s Red Tacos,4.0,66,1130 Sunset Blvd,Los Angeles,CA,90012
283,BsQtoQWb1-SJkVyEra6MxQ,Backyard Bowls,4.5,494,8303 Beverly Blvd,Los Angeles,CA,90048
284,HThfRNFgQSYEhI_QrMx9Rg,Alaska Seafood,4.5,156,4251 Beverly Blvd,Los Angeles,CA,90004
285,UUlGlPfy0FsReQ2LWWBSWw,Tire Shop Taqueria,4.5,506,4069 S Avalon Blvd,Los Angeles,CA,90011
286,oZb8ELhulgbxfVAU5FX25A,Dubai Sauce Modern Grill,4.5,263,6510 Hollywood Blvd,Los Angeles,CA,90028
287,ikilMjaOsysLYWIE2RRmTQ,Golden Mongolian Restaurant,4.5,212,3012 Wilshire Blvd,Los Angeles,CA,90010
288,h9PSJ18gQ4kos8A0XAGlng,Carlitos Gardel Argentine Steakhouse,4.5,1020,7963 Melrose Ave,Los Angeles,CA,90046
289,KtEMG1Aln3vQzte92QJxlw,Genwa Korean BBQ,4.5,2828,5115 Wilshire Blvd,Los Angeles,CA,90036
290,AmtMwS2wCbr3l-_S0d9AoQ,Aroma Cafe,4.0,327,2530 Overland Ave,Los Angeles,CA,90064
291,iWS7Olqaw4hyWvMLIwJ9mw,Orleans & York Deli,4.0,354,333 S Spring St,Los Angeles,CA,90013
292,gol97typwuGAaRvklK5viA,The Cheesecake Factory,3.0,1490,189 The Grove Dr,Los Angeles,CA,90036
293,Lke7X_Yug8ZB8M8mf5vSVw,Chinchikurin - Sawtelle,4.5,560,2119 Sawtelle Blvd,Los Angeles,CA,90025
294,rJDsg0rZfuT0tsXbDaxRgA,Son of a Gun,4.0,1680,8370 W 3rd St,Los Angeles,CA,90048
295,_FYGof7wh6AsZW_L_wuV8g,Carnitas Michoacan,4.0,1289,1901 N Broadway,Los Angeles,CA,90031
296,cJ_-7MywlZgLvvsS4u7jaQ,Tam O'Shanter,4.0,1451,2980 Los Feliz Blvd,Los Angeles,CA,90039
297,5xFBQiB4Jcy9sI2fUHfcpg,Mariscos Jalisco,4.5,958,3040 E Olympic Blvd,Los Angeles,CA,90023
298,B7hN8d0qkE9mPw9LVcomuQ,Sticky Rice,4.0,948,317 S Broadway,Los Angeles,CA,90013
299,pinUBw4QqnTUGLAbKA5o4g,Marouch Restaurant,4.5,473,4905 Santa Monica Blvd,Los Angeles,CA,90029
300,2cNmmr9yzdnNPppwExt9SQ,Eataly Los Angeles,3.5,2140,10250 Santa Monica Blvd,Los Angeles,CA,90067
301,sgqhqcRGuioPSNCVKA-PZg,Woon,4.5,215,2920 W Temple St,Los Angeles,CA,90026
302,gAMhVggfelvAxE40Bg-ywQ,OTOTO,4.0,62,1360 Allison Ave,Los Angeles,CA,90026
303,kUx6ZHSJM863oMd3YhQLnQ,Sea Salt Poke,4.5,432,11301 W Olympic Blvd,Los Angeles,CA,90064
304,K-jWQAp9Q-PIXEpN6pspWg,Park's BBQ,4.0,1761,955 S Vermont Ave,Los Angeles,CA,90006
305,5dd7D6C3dKtpxzgsR5R1uA,Javier's Century City,3.5,1031,10250 Santa Monica Blvd,Los Angeles,CA,90067
306,IxBMrUR6XL_aQo2e_8YcEg,Tacos 1986,4.0,90,7235 Beverly Blvd,Los Angeles,CA,90036
307,fCfkMf27m2PcTWXLTrLM7Q,Fratelli Cafe,4.5,1379,7200 Melrose Ave,Los Angeles,CA,90046
308,iYLyVP1uRs56wZ3FK_lCdw,The Guest House,4.0,348,1750 Hillhurst Ave,Los Angeles,CA,90027
309,IbSO3urVCNUsis_yKNYvUQ,Orleans & York Deli,4.0,727,4454 W Slauson Ave,Los Angeles,CA,90043
310,YYKK5pDAWQimcHzOz-7nug,Rossoblu,4.0,590,1124 San Julian St,Los Angeles,CA,90015
311,df6TLmeTiLyzrKnAPKnn2w,The Oinkster,4.0,3648,2005 Colorado Blvd,Los Angeles,CA,90041
312,PX8INO1KIEn9kLGKQz8U-w,Ham Ji Park,4.0,1523,3407 W 6th St,Los Angeles,CA,90020
313,TQjFx3yzyUYBdWb-MpIfvQ,Fisherman's Outlet,4.0,1158,529 S Central Ave,Los Angeles,CA,90013
314,_8Tvjpgu56ioJf0ohHzUUg,Seoul Garden Restaurant,4.0,522,1833 W Olympic Blvd,Los Angeles,CA,90006
315,QIIkMAdhnQXqVWTDAIlSlg,Al's Hot Chicken,4.0,665,10821 Venice Blvd,Los Angeles,CA,90034
316,Uciy4a2wODubfq24noRRag,Little Kingston Jamaican Restaurant,3.5,372,4716 W Slauson Ave,Los Angeles,CA,90056
317,borw1LsTQAwaCIoNoa35bw,Oh My Crab,4.0,162,3000 W 6th St,Los Angeles,CA,90020
318,xVgz_F3gnbhyn_2goJ8vYQ,Pinches Tacos,4.0,861,8200 W Sunset Blvd,Los Angeles,CA,90046
319,yQVPKXmDIUb6yH3MM8Q3nQ,Strada Eateria & Bar,5.0,354,825 W 9th St,Los Angeles,CA,90015
320,-FGW1OFXcougjwAdgVxRHg,Ijuu the Strange Beast,4.5,70,5665 Melrose Ave,Los Angeles,CA,90038
321,A8ad1UI4bZ7j4Gv_NDAcog,Fire Chicken,4.5,120,3128 W 8th St,Los Angeles,CA,90005
322,DCQfd9locPtT4bCOVU2m-Q,La Michoacana Restaurant,4.0,27,1625 East Cesar Chavez E,Los Angeles,CA,90033
323,uZwILwzeMbHwH3-Caxb47Q,Brothers Sandwich Shop,4.0,544,3274 W 6th St,Los Angeles,CA,90020
324,10cBgJc-d8biKAAL_Bk0CA,Northern Thai Food Club,5.0,173,5301 Sunset Blvd,Los Angeles,CA,90027
325,g1RqknBKd1r1ajHW8xhAkQ,Hollywood Burger,4.5,668,6250 Hollywood Blvd,Los Angeles,CA,90028
326,v9RZZLxE39Zx9L0mXB8kww,Shabu Shabu House,4.0,1402,127 Japanese Village Plaza Mall,Los Angeles,CA,90012
327,YCEgBqClpWXQ3leoAhWjoA,Sushi Hon,4.5,202,3929 W Olympic Blvd,Los Angeles,CA,90019
328,KDcTFp2P40ycRj12GKKcXg,Rich Crab,4.5,29,4253 W 3rd St,Los Angeles,CA,90020
329,o0oFDbQg2Wc-lE--GY7-Nw,Honeybee Burger,4.5,342,2764 Rowena Ave,Los Angeles,CA,90039
330,sYXSgqcBUHtcACUkh3JuQA,Ceviche Project,4.5,68,2524 Hyperion Ave,Los Angeles,CA,90027
331,gKp39Lke5LPAerJ9QV-HQg,Inti Restaurant,4.5,311,5870 Melrose Ave,Los Angeles,CA,90038
332,RFHPuxxJCbndsLD3ukf4RA,Eastside Italian Deli,4.5,1042,1013 Alpine St,Los Angeles,CA,90012
333,nI1Bk_OqAkARO-siTQbuTw,Crustees Eatery,5.0,120,4442 W Slauson Ave,Los Angeles,CA,90043
334,k3D-nW6EjjJguYkUupCUaA,Tacos 1986,4.0,511,609 S Spring St,Los Angeles,CA,90014
335,3NNz-pVT_auFKzqt45D2ZA,Western Doma Noodles,4.0,593,429 N Western Ave,Los Angeles,CA,90004
336,6kvWWkoL0dWOEmFh2ui-vQ,Seasalt Fish Grill,4.0,806,812 W 7th St,Los Angeles,CA,90017
337,Bk-csZIKVtMTQTpH6V9gUg,Charlie's Famous Fried Chicken,4.5,107,1824 W Manchester Ave,Los Angeles,CA,90047
338,rMPUk3S0KppytGvrsqmQ8g,The Fix Burger,4.5,697,2520 Hyperion Ave,Los Angeles,CA,90027
339,gWM5n5Tyo5h74t-_lp1WUA,Zzamong,4.0,1054,4255 W 3rd St,Los Angeles,CA,90004
340,5SVj7kpiXxCEnkzL_8wA1g,Redbird,4.0,1474,114 E 2nd St,Los Angeles,CA,90012
341,phMPgmi6-yh3Qs_PRbTT1g,Mercado Los Angeles,4.0,1181,7910 W 3rd St,Los Angeles,CA,90048
342,JBeSWzpDI8eh2xG4-ZVy4g,Yangji Gamjatang,4.0,647,3470 W 6th St,Los Angeles,CA,90020
343,t4W9SvZmYQhBM6jDEmeiKA,Flore Vegan Cuisine,4.0,1219,2943 W Sunset Blvd,Los Angeles,CA,90026
344,1eyWLVHeDL2NWGeo9MElZg,Tennessee Hot Chicken THC,5.0,365,5133 York Blvd,Los Angeles,CA,90042
345,3OJt-Xj45NfCCFwaeKMaeg,Luv2Eat Thai Bistro,4.0,947,6660 W Sunset Blvd,Los Angeles,CA,90028
346,mobZnlSX7HfToSyfe4TV8Q,Gengis Khan,4.5,21,615 N Western Ave,Los Angeles,CA,90004
347,xUDJy8BuzZou2BADrkZBPw,The Parlor,3.5,667,7250 Melrose Ave,Los Angeles,CA,90046
348,Wvb0SWivIviHeo860qwUFg,Sabor Colombiano,3.5,372,847 S Union Ave,Los Angeles,CA,90017
349,fO4Jfkg_tVfUCEfzNbsbMg,The Bun Bunn,4.5,37,1871 Colorado Blvd,Los Angeles,CA,90041
350,nUT0BaARIUa1I_qV39mj9A,Ostrich Farm,4.0,495,1525 W Sunset Blvd,Los Angeles,CA,90026
351,5W-9Iq_q3VXsB0nkA0TVrQ,Natraliart Jamaican Restaurant & Market,4.0,206,3426 W Washington Blvd,Los Angeles,CA,90018
352,azyDb-6veFabKKIfLleiMg,Tere's Mexican Grill,4.0,570,5870 Melrose Ave,Los Angeles,CA,90038
353,ZzpC4bW5mY0AOoGznnyIsg,Ondal 2,4.0,464,4566 W Washington Blvd,Los Angeles,CA,90016
354,_lrLfLy3e2jr-zGigfFW4A,Revolutionario: North African Tacos,4.5,548,1436 W Jefferson Blvd,Los Angeles,CA,90007
355,aQFguaddjBna3ZIBsxjeeA,Joan's on Third,4.0,2351,8350 W 3rd St,Los Angeles,CA,90048
356,0jOt0ODWCp8fJzzOM4PgqA,Little Fatty,4.0,694,3809 Grand View Blvd,Los Angeles,CA,90066
357,EzTDoLwiqy-cMZbIujA8FQ,Little Dom's,3.5,1571,2128 Hillhurst Ave,Los Angeles,CA,90027
358,VzDCWYpkzzpWa1s1E7M2Sg,Hyperion Public,4.0,866,2538 Hyperion Ave,Los Angeles,CA,90027
359,ialCeqYzy-N5NujJq1GikA,Wako Donkasu,4.0,666,3377 Wilshire Blvd,Los Angeles,CA,90010
360,v_bJfxA5IhDmkA_4KgZ2pA,Wah's Golden Hen,4.5,438,709 N Virgil Ave,Los Angeles,CA,90029
361,YVbO3FENQQzcDwxtlrR1Iw,Mister Bossam,4.0,654,338 S Western Ave,Los Angeles,CA,90020
362,yZDK0XtLi0JeE2Dho1boIw,Cattle & Claw,4.0,174,8555 Beverly Blvd,Los Angeles,CA,90048
363,5imw7dSuSB4HmUMrZep1lg,Qin West Noodle,4.0,211,727 N Broadway,Los Angeles,CA,90012
364,g7bvMWpWSNxSoq8WxfEcZQ,Bottega Louie - WEHO,3.5,22,8936 Santa Monica Blvd,Los Angeles,CA,90069
365,h3KzTYozazMtdhS8C1qBXg,The Semi-Tropic,4.5,400,1412 Glendale Blvd,Los Angeles,CA,90026
366,njyf0pk4spqk5jRLUVlN-A,Combo A,4.5,313,1411 Echo Park Ave,Los Angeles,CA,90026
367,U7-UBPHK44Y_9wyfOmuHuA,The Boiling Crab,4.0,2345,3377 Wilshire Blvd,Los Angeles,CA,90010
368,oZn4oaOKOI-HcUGecfG4Vw,The Penthouse at Mastro's,4.0,4692,246 N Canon Dr,Beverly Hills,CA,90210
369,C9rLh3Mp-agjne7JWv8KLA,Polka Polish Restaurant,4.0,794,4112 Verdugo Rd,Los Angeles,CA,90065
370,lRScnMRd-FBlT5QQyrUEUQ,PASTA e PASTA by Allegro,4.5,833,432 E 2nd St,Los Angeles,CA,90012
371,66JxYZlXaAnA9bqhhk6Ngg,Gozen Express,5.0,4,2100 Sawtelle Blvd,Los Angeles,CA,90025
372,8hsT1rbpaOdjA_8UIbD5TA,Coral Fish Poke Shop,4.5,193,6357 Wilshire Blvd,Los Angeles,CA,90048
373,HTvyn97PloIn1kIGTIj-2A,Mexicali Taco & Co,4.0,909,702 N Figueroa St,Los Angeles,CA,90012
374,xPpCIt9Qes6vdXRum03g_A,Won Kok Restaurant,3.5,1278,210 Alpine St,Los Angeles,CA,90012
375,mu-sqebqz9DEQRTNP3vKLg,Tang Huo Kung Fu Spicy Hot Pot,5.0,41,3450 W 6th St,Los Angeles,CA,90020
376,Ls0cIqY-v6CqNoE2rHjBNg,Noshi Sushi,4.0,1456,4430 Beverly Blvd,Los Angeles,CA,90004
377,hafmNRWqoLKQ10dMVDh-yQ,Elf,4.5,763,2135 W Sunset Blvd,Los Angeles,CA,90026
378,v5JaR9R_p0dnyDtefjtF9A,Blackbird Pizza Shop,4.5,361,7459 Melrose Ave,Los Angeles,CA,90046
379,J3XPoESN_Qu4sGUceD0_Yw,The Counter Downtown LA,4.0,928,725 W 7th St,Los Angeles,CA,90017
380,udINVeecZdXtmCgbBIZi7A,Tatsu Ramen,4.0,3311,2123 Sawtelle Blvd,Los Angeles,CA,90025
381,v5_dNxHg1F5Y-h_nSeLVow,Kabob By Faraj Restaurant & Kosher Meat Market,4.5,257,8680 W Pico Blvd,Los Angeles,CA,90035
382,lx0ohxTwphu8CzOA4xz8-Q,FishPop,5.0,46,3458 Wilshire Blvd,Los Angeles,CA,90010
383,eUkd8atkJe4fkKGcD5QZ1A,HATCH Yakitori + Bar,4.5,490,700 W 7th St,Los Angeles,CA,90017
384,SNlf3YpKkDG-e4R9jkwLhA,Guerrilla Tacos,4.0,831,2000 E 7th St,Los Angeles,CA,90021
385,HvDYCHDpgBy3CmzRD6gcMg,Ktown Pho,4.5,723,974 S Western Ave,Los Angeles,CA,90006
386,vfpUVXdHSBK1hci4xfX04g,Eighth Street Soondae,4.5,250,2703 W 8th St,Los Angeles,CA,90005
387,oNHjZ3wC0F9l5KpuqHd45w,Ricky's Fish Tacos,4.5,1188,3061 Riverside Dr,Los Angeles,CA,90027
388,L3YM8cAda9L_t_j-2C4ufA,Sage Vegan Bistro - Echo Park,4.0,2330,1700 Sunset Blvd,Los Angeles,CA,90026
389,mfRAMQGOdQk_v1CmjXq3Eg,Soho House West Hollywood,4.5,375,9200 Sunset Blvd,West Hollywood,CA,90069
390,bL8ypAeHQR1VOZLFgmSR7g,The Village Idiot,4.0,1240,7383 Melrose Ave,Los Angeles,CA,90046
391,puo151bPwqvTl46LYZyOsA,Larchmont Bungalow Cafe,4.5,359,2110 Sunset Blvd,Los Angeles,CA,90026
392,Qy8Qrv3ZOt7swuA7Rw5mHw,Porchetta Republic,5.0,89,1220 West 7th St,Los Angeles,CA,90017
393,w5EOeYOoxmbYWJ1sUVD94w,Comfort Kitchen,4.5,36,5700 Wilshire Blvd,Los Angeles,CA,90036
394,k2dhvRV0gtPoDWLuH2OMTQ,ACA Grill,4.5,469,3062 W 8th St,Los Angeles,CA,90005
395,uab65YVKqqaYUpqFnR8gHA,Mama's International Tamales,4.0,306,2124 W 7th St,Los Angeles,CA,90057
396,4qupP0c-Ino6RWViOJbqeA,Ugly Drum,4.5,82,609 N La Brea Ave,Los Angeles,CA,90036
397,hcUxpi--BTuVNEMttimC7Q,King Taco,3.5,1036,2020 W Pico Blvd,Los Angeles,CA,90006
398,7pKS39Tdt0c1hAhdxOWZqA,House of Curry,4.0,228,1888 S Western Ave,Los Angeles,CA,90006
399,4F3nRn85JxIqj0lqycrLsg,India's Grill,4.5,790,428 S San Vicente Blvd,Los Angeles,CA,90048
400,X9KlLFQGSgC0A-q-p1Hu6Q,Egg Tuck,4.5,402,3458 Wilshire Blvd,Los Angeles,CA,90010
401,rjMhEh_QzX7LysAvxnJP-g,by CHLOE,4.0,877,2520 Glendale Blvd,Los Angeles,CA,90039
402,ITNAxP_RUZ_FCPFNt7pjmw,Earle's On Crenshaw,4.5,458,3864 Crenshaw Blvd,Los Angeles,CA,90008
403,MQCGRBup0TngpyftcLxQOg,Urban Skillet,4.5,881,5060 Lankershim Blvd,Los Angeles,CA,91601
404,uMar62it3cUFxPRuXbYoMw,Mel's Fish Shack,4.0,457,4524 W Jefferson Blvd,Los Angeles,CA,90016
405,vR2LjJP3beB56AuPGSBSJw,KazuNori: The Original Hand Roll Bar,4.0,118,6245 Wilshire Blvd,Los Angeles,CA,90048
406,rYc-jsr1rSTmymTCA03HVQ,Tripp Burgers,4.5,67,3458 S Sepulveda Blvd,Los Angeles,CA,90034
407,6rCY1MjoIvTiv2cD5M96Yw,The Green Olive,4.0,87,3632 Soto St,Los Angeles,CA,90058
408,Fphnpb2JpNdx4EYxNhS9ww,Buca di Beppo Italian Restaurant,3.5,625,6333 W 3rd St,Los Angeles,CA,90036
409,g4sVZyJaj6q5piIX8gkquw,El Sazon K-Tracho #2,4.5,39,1483 W Adams,Los Angeles,CA,90007
410,1mb6fp_JRp4Y68GStJsGIQ,The Rooftop at The Wayfarer Downtown LA,4.0,81,813 Flower St,Los Angeles,CA,90017
411,jqS3dVaCYeBehb3tOiWWbQ,Shin-Sen-Gumi Hakata Ramen - Little Tokyo,4.0,2819,132 S Central Ave,Los Angeles,CA,90012
412,NQqA1cjS0rHn_96VwtnhMg,Good Goose Cafe,5.0,130,5210 Beverly Blvd,Los Angeles,CA,90004
413,j7zBQ2dfP5QDVH8n33X9cg,Qin West Noodle,4.0,72,2520 S Figueroa St,Los Angeles,CA,90007
414,F2W1R7yIvSOqD1xH_F1cZA,Wood,4.0,729,2861 Sunset Blvd,Los Angeles,CA,90026
415,AWQELVqEeeCbstdp8PUVYg,The Ppong,4.5,85,4003 Wilshire Blvd,Los Angeles,CA,90010
416,WWQsHGIFUkNQF6Uaj4vXCw,Hong Kong Ban Jum 0410 / Paik's Noodle,4.5,563,3470 W 6th St,Los Angeles,CA,90020
417,Fcxm2Wnz8lLDi6doGcAMTw,Taix French Restaurant,4.0,843,1911 W Sunset Blvd,Los Angeles,CA,90026
418,PMj1TDcrvYTxEXd-g9LcWA,Zinc Cafe & Market,4.0,1762,580 Mateo St,Los Angeles,CA,90013
419,zpCjv61s-5b-WJSd8opFvA,Candela,4.0,666,831 S La Brea Ave,Los Angeles,CA,90036
421,kDVlUSFSUR8ZYIOJi4bDQQ,Odumak,4.5,94,338 S Western Ave,Los Angeles,CA,90020
422,qrIHMsZLOdKyLhq1o9UdAw,Meze,4.0,309,2662 Griffith Park Blvd,Los Angeles,CA,90039
423,FQT1DQVA0QwhEDs2i-ZNDA,Monarca Pasta & Grill,4.5,154,2703 S Vermont Ave,Los Angeles,CA,90007
424,0KicdACooH2zW9c7XWmR9Q,Monty's Good Burger,4.5,421,1533 W Sunset Blvd,Los Angeles,CA,90026
425,TkFEKhsCixPWlShULKvMdQ,Bottega Louie,4.0,16908,700 S Grand Ave,Los Angeles,CA,90017
426,ch5-wO9l3wSMfUbAW_JRRQ,Charlie's Fish & Chips,4.0,115,5677 W Pico Blvd,Los Angeles,CA,90019
427,Zg7jtPJGmsnysO8uDKtYxg,Gwen Butcher Shop,4.0,585,6600 Sunset Blvd,Los Angeles,CA,90028
428,_sN1bF7C19hnwUryOwSgFQ,Rikas Peruvian Cuisine,4.5,166,3553 W 3rd St,Los Angeles,CA,90020
429,wwepvJuQ4x4qbMWddsYrQA,Uncle Paulie's Deli,4.0,245,8369 Beverly Blvd,Los Angeles,CA,90048
430,1e_j1BtMaTinWLC52RJI9w,Marmalade Cafe,4.0,2234,6333 West 3rd St,Los Angeles,CA,90036
431,rf20-kFTkk9BC4tfr8K_3g,Trejos Tacos - La Brea,3.5,1730,1048 S La Brea Ave,Los Angeles,CA,90019
432,fTQFszTwpSs7aVwlsbeSpA,La 27th Restaurante Nicaragüense,4.0,271,1830 W Pico Blvd,Los Angeles,CA,90006
433,Q-D5cCogjnTv7ELUI-Cz8Q,Simply Pho You,4.0,854,698 S Vermont Ave,Los Angeles,CA,90005
434,wEWtiksMz8o6IqAotGDzRQ,Locali - Hollywood,4.0,458,5825 Franklin Ave,Los Angeles,CA,90028
435,NqcYjmjH3m4K-qR7ybuwMg,Dr. Sandwich,4.0,119,7475 Beverly Blvd,Los Angeles,CA,90036
436,FIhj_380IbJsHolPuNzk2A,Paros Chicken,4.0,164,1117 N Hobart Blvd,Los Angeles,CA,90029
437,-uxK5hNz5fpeNOgIZo8AKA,Suehiro Cafe,4.0,1434,337 E 1st St,Los Angeles,CA,90012
438,od-e09qz8bvZOtGuPTwHMg,RockSugar Southeast Asian Kitchen,4.0,2579,10250 Santa Monica Blvd,Los Angeles,CA,90067
439,pl-u3u2hiJyXs17U5utGdg,Thien Huong Restaurant,4.5,188,727 N Broadway,Los Angeles,CA,90012
440,U2xdaP7MkCzL5Qr7SgFXVg,Lemonade,4.0,571,626 N Larchmont Blvd,Los Angeles,CA,90004
441,vh76YbStP7hrocP_TOspVg,The Jolly Oyster Bar,5.0,5,9355 Culver Blvd,Culver City,CA,90232
442,3Pd3knaB6HW1-0TXXVyiuA,Rosaline,4.0,817,8479 Melrose Ave,West Hollywood,CA,90069
443,sYn3SNQP-j2t2XSwjlCbRg,Monty's Good Burger,4.5,2075,516 S Western Ave,Los Angeles,CA,90020
444,rLKI1EzuwGUFixHtqXqZ9g,25 Degrees,3.5,1871,7000 Hollywood Blvd,Los Angeles,CA,90028
445,QKovUc1TmSNtZh0j5ZEagw,Leo's Tacos Truck,4.5,1906,1515 S La Brea Ave,Los Angeles,CA,90019
446,EWbbiUBkGzCYrEoOF05HzA,Gracias Madre - West Hollywood,4.0,4227,8905 Melrose Ave,West Hollywood,CA,90069
447,FfuuxavSBU_umwIVr2r8bw,Hatchet Hall,4.0,723,12517 W Washington Blvd,Los Angeles,CA,90066
448,YBoP0kV88mcf5kQN0z5aFw,Hot Wings Cafe,4.0,931,7011 Melrose Ave,Los Angeles,CA,90038
449,08lfVveS1RwdlD9yJLseYg,My Lai,4.5,151,12222 Venice Blvd,Los Angeles,CA,90066
450,OF9HdZ2TMILGQUIO0VxLwg,sweetgreen,4.0,279,6115 W Sunset Blvd,Los Angeles,CA,90028
451,n47wKEAeTh86dqiQOLrigQ,Gam Ja Gol,4.0,415,3003 W Olympic Blvd,Los Angeles,CA,90006
452,NGGgYVRjIoDJvr1z0RtJ8Q,Zankou Chicken,4.0,421,7851 W Sunset Blvd,Los Angeles,CA,90046
453,CP0ICg1dZqEOt3UtNapjKg,Au Lac,4.0,941,710 W 1st St,Los Angeles,CA,90012
454,JRb7dujShIS-raj42T6-iw,Mokupuni,5.0,1,4427 sunset blvd,Los Angeles,CA,90027
455,u8jqR-meSTfBc_p5PeE-BQ,The Halal Guys,3.5,1213,3432 Wilshire Blvd,Los Angeles,CA,90010
456,xGBRl7Jdp0Iu4NqsTY0oVg,Salmon Talk,5.0,54,201 N Western Ave,Los Angeles,CA,90004
457,LcRB5s8-VDCSmpxWK0lwfw,FryMadness,4.0,344,555 S Spring St,Los Angeles,CA,90013
458,71jANDdx-C9tugAOZIKj7w,Pilot,4.0,171,1060 S Broadway,Los Angeles,CA,90015
459,5K-jAlFfFX1nnaeT8zsufw,Pollo a La Brasa Western,4.0,845,764 S Western Ave,Los Angeles,CA,90005
461,W-znmhcbAFwoDtqLCmc9JA,Le Grand,4.5,314,707 S Grand Ave,Los Angeles,CA,90017
462,ul2dT8QzauKP5Yc-q_DZ_g,HomeState,4.5,1107,4624 Hollywood Blvd,Los Angeles,CA,90027
463,-CW_jNF0-x1RAhlGjX3JUg,Andre's Italian Restaurant,4.0,1230,6332 W 3rd St,Los Angeles,CA,90036
464,-Di-XNK5lOJukf2XmJBnfQ,Dune Downtown,4.5,169,199 W Olympic Blvd,Los Angeles,CA,90015
465,qpcH_Fub586U2kw_pQJS3w,Guisados,4.5,2486,2100 East Cesar E Chavez Ave,Los Angeles,CA,90033
466,9EaRONZCZxomy3TTkLM8DA,Oriel Chinatown,4.5,146,1135 N Alameda St,Los Angeles,CA,90012
467,RaKnMxcrsFtx6ii7yO353Q,Lory's Restaurant,4.5,50,4963 W Sunset Blvd,Los Angeles,CA,90027
468,BvQqye2Qs18Ig1Qr95f-fA,AL Basch Chicken,4.5,309,7311 W Sunset Blvd,Los Angeles,CA,90046
469,1OXJaygVHAEGooC5gsH_Pg,La Esquina,4.5,267,8905 Venice Blvd,Los Angeles,CA,90034
470,jcUgGKhk1NbzNBED6e_tPg,Azay,4.5,102,226 E 1st St,Los Angeles,CA,90012
471,HvaKhiJtuLag0ZlXosYNUw,Twozone Chicken,4.5,226,3516 W 8th St,Los Angeles,CA,90005
472,JyRCzER-tCbiB7d11-dKpQ,RIKE,4.5,39,228 E 1st St,Los Angeles,CA,90012
473,tDeuHjIUJrHeELrKEekXtA,n/naka,4.5,788,3455 Overland Ave,Los Angeles,CA,90034
474,7BZjZLN-YDmFb4Y3N-3aJw,ShaBuShi,4.0,462,5185 Sunset Blvd,Los Angeles,CA,90027
475,RQoD2ucHJJQpCevVNPlLxQ,The Rooftop by JG,4.0,383,9850 Wilshire Blvd,Beverly Hills,CA,90210
476,WEf8lpukPEwKTuc6mYolRA,Spoon By H,4.5,799,7158 Beverly Blvd,Los Angeles,CA,90036
477,QEGYtRXGlpuco8jE7u0tGw,Marino Restaurant,4.5,378,6001 Melrose Ave,Los Angeles,CA,90038
478,Aq1vM8LCcb8mdpCOKCdlsw,Tsubaki,4.0,245,1356 Allison Ave,Los Angeles,CA,90026
479,fD4ntpbf92ufSHn5tSmSxA,DeSano Pizza Bakery,4.5,1286,4959 Santa Monica Blvd,Los Angeles,CA,90029
480,eXZyAF5Xk1u-d9vnkeNPXg,Birdies,4.0,1943,314 W Olympic Blvd,Los Angeles,CA,90015
481,lNE4CZLrLXRPhqi7KcyjfA,Burrata House,4.5,355,3272 Motor Ave,Los Angeles,CA,90034
482,1--e5dJFAL0aSHuHTxHsNw,Fish Grill,4.0,164,9618 W Pico Blvd,Los Angeles,CA,90035
483,ammtFdUbqDBLCmIwuV87MA,Bao Hiroo,4.5,102,905 E 2nd St,Los Angeles,CA,90012
484,ImWjgRhcohdWYTPUt4iaZw,Bo Daddy’s BBQ,4.5,202,1415 S Hill St,Los Angeles,CA,90015
485,4B_hWagBKAMcsotnnoH30Q,Little Pine,4.5,949,2870 Rowena Ave,Los Angeles,CA,90039
486,28HzNE8LVC3KZ1jKvAc8hg,Tocaya - DTLA,3.5,261,801 S Olive St,Los Angeles,CA,90014
487,44CcUoVtPhL5eFKjxnzzTA,Don Felix Restaurant,3.5,507,305 N Virgil Ave,Los Angeles,CA,90004
488,FBRxoQSWtziiU_A5tscVGA,La Barca Restaurant,4.0,879,2414 S Vermont Ave,Los Angeles,CA,90007
489,-dqkgjUUIDOb4V1dC4X70A,Ramen Hood,4.5,1001,317 S Broadway,Los Angeles,CA,90013
490,-bHFEUV0DjYy8_rV5zY-2g,Quebobs Restaurant,4.5,41,3560 S La Cienega Blvd,Los Angeles,CA,90016
491,uPeWc6p4KLMHRve4OlLVEg,Cafe Creole,4.0,211,3650 W Martin Luther King Jr Blvd,Los Angeles,CA,90008
492,Z31Vy7P8B5y7gIw0fYeUGg,HiHo Cheeseburger,4.0,186,6245 Wilshire Blvd,Los Angeles,CA,90048
493,BZcPwijPRqY7tynRzt2UTA,Eggslut,3.5,356,8500 Beverly Blvd,Los Angeles,CA,90048
494,-RB75P7rg6Jyp8ZMegSmCA,Little China,4.5,13,3636 W Olympic Blvd,Los Angeles,CA,90019
495,aut_WzNF3TutzbX-OfWVpw,Koreatown Galleria,4.0,282,3250 W Olympic Blvd,Los Angeles,CA,90006
496,LruRPzJ1nOS3_04LV1HAUA,Mr Fries Man,4.0,7,3844 S Figueroa St,Los Angeles,CA,90037
497,eIip70AtYPjJsC4kh1uTjg,Neri's,4.0,255,3377 Wilshire Blvd,Los Angeles,CA,90010
498,-urNLXq1RYUDAy5XCWLaqQ,Fogo de Chão Brazilian Steakhouse,4.0,4118,133 N La Cienega Blvd,Beverly Hills,CA,90211
499,DJWMXLbhweA65pAg0-6ZVQ,Oh My Crab,4.5,17,5820 Melrose Ave,Los Angeles,CA,90038
500,C_8Y_wwGFummtQ3OQLRjcg,LAces,5.0,32,125 N Western Ave,Los Angeles,CA,90004
501,tWkqjOEcoDuh5hvMdRSa7Q,Swift Cafe,5.0,61,4279 1/2 Crenshaw Blvd,Los Angeles,CA,90008
502,GBwagy_9bBmyiSETCbYnkg,Boo's Philly Cheesesteaks - Koreatown,4.0,673,3377 Wilshire Blvd,Los Angeles,CA,90010
503,S5O8oZX29WF68DrfWaNNUA,Creamo Silverlake,5.0,29,3534 Sunset Blvd,Los Angeles,CA,90026
504,LNb-ElJwKIXS6Lx5xdRB1Q,Toca Madera,4.0,2081,8450 W 3rd St,Los Angeles,CA,90048
505,MngSqXZbc4-x8lZTby1SrA,Himalayan House,4.0,327,1277 W Jefferson Blvd,Los Angeles,CA,90007
506,BEPXvRTMiYRrTPLqodox7g,CALI PHO NIA,4.0,99,425 S Western Ave,Los Angeles,CA,90020
507,P56Mf5LEjh3wA8WfhENX2w,Cousins Maine Lobster Restaurant,4.0,749,8593 Santa Monica Blvd,West Hollywood,CA,90069
508,b6yVLkq1I1V3cJFsDCiEcg,Spread Mediterranean Kitchen,4.5,414,334 S Main St,Los Angeles,CA,90013
509,6DEuqc82zAMe-C4MOLqHcQ,Simply Wholesome,4.0,839,4508 W Slauson Ave,Los Angeles,CA,90043
510,t7v3kC8hNFHiNoxOQq-W4g,Culina,4.0,478,300 S Doheny Dr,Los Angeles,CA,90048
511,bCmfuSnAZD821IZu1loDlw,Wi Jammin Carribean Restaurant,3.0,362,5103 W Pico Blvd,Los Angeles,CA,90019
512,ztNZZHKmJOyVXM32WiyXcQ,Zinqué,4.0,807,8684 Melrose,West Hollywood,CA,90069
513,bdm3708B0OJW9xDdaKVH_A,Gol Tong Chicken,4.5,849,361 Western Ave,Los Angeles,CA,90020
514,FFqRasm6woQX0RfIxnPq7w,Mochi Dochi,4.5,26,2130 Sawtelle Blvd,Los Angeles,CA,90025
515,kJJ9kQ5aLIGBCURqpT6iHQ,Penguin Fish & Chips,4.0,181,5952 W Pico Blvd,Los Angeles,CA,90035
516,xYdqVZtjXPv6M5Gd5pTQIQ,Tom Tom,3.5,662,8932 Santa Monica Blvd,West Hollywood,CA,90069
517,_Ud0KZCY_-t_Kl8rDK-Zxg,Birrieria Don Boni,4.0,477,1845 E 1st St,Los Angeles,CA,90033
518,TmuztHuzFydP4L6BxBkNXA,Qi Steam Kitchen,4.5,76,5966 W Olympic Blvd,Los Angeles,CA,90036
519,_No6_zhCiks_UPzaqkmnzg,Lobsterdamus,3.5,102,785 Bay St,Los Angeles,CA,90021
520,QGvu135f0LYW8XSQ9cYG7Q,Nam Won Gol,4.5,54,3623 W Pico Blvd,Los Angeles,CA,90019
521,IsnwCIWyu3pdhY7ggHylog,Cantinho Brasileiro,4.5,27,10925 Venice Blvd,Los Angeles,CA,90034
522,bJeMe365G76fcnFqBHxppg,Full Moon House,4.0,286,960 N Hill St,Los Angeles,CA,90012
523,AZNbFgZ0zLFgdAi3bTYtfw,M georgina,4.5,62,777 Alameda St,Los Angeles,CA,90021
524,hOHWu75whwn2hSc2HvRc6w,Night + Market Song,4.0,1089,3322 W Sunset Blvd,Los Angeles,CA,90026
525,XFGCSKSrt4Mwk2hAhtpQNA,Veranda Al Fresco,4.0,121,939 S Figueroa St,Los Angeles,CA,90015
526,U0-5DL9r3JJk6Vn7E2XK8A,Found Oyster,4.5,49,4880 Fountain Ave,Los Angeles,CA,90029
527,yO8Z1XUPGleOUT6L1QG9vA,It's Pho hollywood,4.0,982,1821 N Cahuenga Blvd,Los Angeles,CA,90028
528,ZROWIc3EfvE5kiLu-uedTw,Witch's Chicken,4.5,91,3250 W Olympic Blvd,Los Angeles,CA,90006
529,bntaaduchQQiBI7Dt12Pgw,Thank U Pho,4.0,691,3522 B W 8th St,Los Angeles,CA,90005
530,8RXJiao_twvDmzDAqwkw6w,KOBUNGA,4.5,171,929 W Jefferson Blvd,Los Angeles,CA,90089
531,BRmZGc_0QFZKy_8287c7zA,Golden Dragon Restaurant,3.5,765,960 N Broadway,Los Angeles,CA,90012
532,IO94U9tWIVuw93g2ahEyEQ,Loupiotte Kitchen,4.5,177,1726 N Vermont Ave,Los Angeles,CA,90027
533,6U55z4ejutsNYh7jAdWdwA,Black Sheep Burgers,4.5,408,11313 Mississippi Ave,Los Angeles,CA,90025
534,F64dimaPmt7_imQ4s2yGow,Gogobop Korean Rice Bar,4.5,315,3456 Wilshire Blvd,Los Angeles,CA,90010
535,aUSK0oQR4ey0rFoDfCXaPw,Brera Ristorante,4.0,577,1331 E 6th St,Los Angeles,CA,90021
536,98KeJCu_8XbfOXB1aRAW1A,Salazar,3.5,978,2490 N Fletcher Dr,Los Angeles,CA,90039
537,XRbyfQZ7nWwJCOjRC8EW-g,Ô Banh Mi,4.0,124,1997 Hyperion Ave,Los Angeles,CA,90027
538,hqR-2X38R1Xl-8Jh_G3WNQ,LA Paella,4.0,657,476 S San Vicente Blvd,Los Angeles,CA,90048
539,uMLZ0gGjOqFjJJF_kNoccg,Triple Beam Pizza,4.0,87,1818 W Sunset Blvd,Los Angeles,CA,90026
540,y0s-AgaBcpqTX3LYAwtpGg,Genki Grill,4.5,135,6355 Wilshire Blvd,Los Angeles,CA,90048
541,93Svns_JtCP3__wxlcSsbg,Prank,4.0,829,1100 S Hope St,Los Angeles,CA,90015
542,2mN5n5AEE2rGKtcbxD6vIw,Picnic Society by Gwen,3.0,27,189 The Grove Dr,Los Angeles,CA,90036
543,GfqdLQ1Xs-yvGq_BHVm8HQ,Louisiana Pico Seafood,4.0,112,3601 W Pico Blvd,Los Angeles,CA,90019
544,P-pAAi56zMPPHfO7xf_wQQ,Nong La Cafe,4.0,622,145 N La Brea Ave,Los Angeles,CA,90036
545,FoBImsch8xY3ANNGWL32Bw,Rappahannock Oyster Bar,4.0,274,777 S Alameda St,Los Angeles,CA,90021
546,v_qrFz_hQvQX6fUdPYjEXA,Smorgasburg,4.0,1050,777 Alameda St,Los Angeles,CA,90021
547,5zYBoDGqO__fe5TYs6JapA,New Kamara,4.5,49,709 N Hill St,Los Angeles,CA,90012
548,SDoOIzuz4k3m-SP071aykA,Chunju Han-il Kwan,4.0,763,3450 W 6th St,Los Angeles,CA,90020
549,iTLSVLEcErPNQW2k_iGr_g,Sur Restaurant & Lounge,3.5,3612,606 N Robertson Blvd,West Hollywood,CA,90069
550,FJ_bL5RP28Gyol1YavMA3w,Sarita's Pupuseria,3.5,759,317 S Broadway,Los Angeles,CA,90013
551,cy4gzhbr1C-zG2K-BdxH6g,The Pie Hole,4.0,502,6314 Hollywood Blvd,Los Angeles,CA,90028
552,4fa2rkET8eT6sf9kUZx0jQ,Daebokjung,4.5,37,2010 James M Wood Blvd,Los Angeles,CA,90006
553,DRH9mLrj6TAmUfBY9-Lk3Q,Latin Fusion Kitchen,4.0,39,6801 Hollywood Blvd,Los Angeles,CA,90028
554,mmgFAxTuXjEePnxST5rQQw,Matjip,4.0,262,3077 W 8th St,Los Angeles,CA,90005
555,yMJpttJxzObbbRh0ekawmQ,Birrieria Los Gonzalez,4.0,209,2524 Maple Ave,Los Angeles,CA,90011
556,xbsgbvMEq6r0dE9_7LUM1g,Colibri Cafe,5.0,34,1018 S La Brea Ave,Los Angeles,CA,90019
557,ZKltkN5lOxH1tLeVAO2b6A,Destroyer,4.5,435,3578 Hayden Ave,Culver City,CA,90232
558,9kc3zPyOPO1YlzId8OAS3A,MAC'D,4.0,31,1570 S Western Ave,Los Angeles,CA,90006
559,9xyjvSkidMTngtyZ6-Upaw,Crossroads,4.0,2228,8284 Melrose Ave,Los Angeles,CA,90046
560,p0sW66vtBj6OLG4QEMRpgw,Bee Taqueria,5.0,95,5754 W Adams Blvd,Los Angeles,CA,90016
561,LdJhyKGjASst5TbcbStnJA,JJUKKU JJUKKU BBQ,4.0,984,3377 Wilshire Blvd,Los Angeles,CA,90010
562,lmULf7Q8FmxB4me-SeWXlw,SUGARFISH by sushi nozawa,4.0,492,6115 W Sunset Blvd,Los Angeles,CA,90028
563,-gZdC8aD42jiBeaAQH1-1g,Lolo,4.5,32,5140 W Sunset Blvd,Los Angeles,CA,90027
564,Mj2BC82wH_oy1YC9PanJXw,Mama D's African Cuisine,5.0,2,1240 S Soto St,Los Angeles,CA,90023
565,dh_xOxlwzYeCIWHhrG8Yrw,Robata JINYA,4.0,1098,8050 W 3rd St,Los Angeles,CA,90048
566,o5AL9lZhfa6glcS0vrmdkg,PEPE'S RED TACOS,4.5,55,2720 E Olympic Blvd,Los Angeles,CA,90023
567,3n3D8WCVKDgMLYlL0Tv8Tg,Wood & Vine,3.5,1341,6280 Hollywood Blvd,Los Angeles,CA,90028
568,1toW0p9uJQMEayWlUDz4WQ,Fleming’s Prime Steakhouse & Wine Bar,4.0,1610,800 W Olympic Blvd,Los Angeles,CA,90015
569,Bjkw0oRy1STaCJmv5EZ0Mw,Sawyer,3.5,708,3709 W Sunset Blvd,Los Angeles,CA,90026
570,1LbJWoOv1ksn_12U3wlZ1A,Milkfarm,4.5,234,2106 Colorado Blvd,Los Angeles,CA,90041
571,shSWfUgyJI3YG73tJfND2Q,Dumpling Monster,3.5,154,7318 Santa Monica Blvd,West Hollywood,CA,90046
572,HPDk093qwYwCS0Lwkd6xJg,Mochinut Downtown LA,4.5,23,728 S Olive St,Los Angeles,CA,90014
573,zLEV5J2HmKHocbPZONGJAA,Spartina,4.0,397,7505 Melrose Ave,Los Angeles,CA,90046
574,OjUQ0wmRdctqjfz-lErGBQ,Uovo- Mid-Wilshire,4.0,117,6245 Wilshire Blvd,Los Angeles,CA,90048
575,tsTSRkA9Vv6lAT0w3fOS_w,Pollos El Brasero,4.5,129,2281 W Pico Blvd,Los Angeles,CA,90006
576,2NTJmVo6Smp82PmrH83mlQ,Nightshade,4.0,457,923 E 3rd St,Los Angeles,CA,90013
577,asRC_mON01y22DW2cfDRcQ,Pescado Mojado Seafood Grill,4.0,154,610 S Rampart Blvd,Los Angeles,CA,90057
578,6IJQg_88VaB30Bl-DbbTEQ,Mauro's Cafe,4.0,187,8112 Melrose Ave,Los Angeles,CA,90046
579,b4qCjis-ET1NqAekMbIgbw,Franklin & Company Tavern,3.5,486,5923 Franklin Ave,Los Angeles,CA,90028
580,c6tS63dKNNXd2n_dluGWAw,Sunny Blue,4.0,412,12608A Washington Blvd,Los Angeles,CA,90066
581,mBD3hhlyqc2A301Y1CVwUg,un solo sol,4.5,618,1818 E 1st St,Los Angeles,CA,90033
582,-bKSg3-kXFSFUA7baQndMw,Needle,4.5,49,3827 W Sunset Blvd,Los Angeles,CA,90026
583,AgUSfMByb7r4ffVR2WYMuw,Rustic Kitchen Market & Cafe,4.0,385,3523 S Centinela Ave,Los Angeles,CA,90066
584,WTdoODEkK5r3jgQXyQaFgA,Burgerdaddy,5.0,8,7016 Melrose Ave,Los Angeles,CA,90038
585,Wjckf5QPdVQw1ZG82zEarA,M Grill,4.5,2131,3832 Wilshire Blvd,Los Angeles,CA,90010
586,jCDnwiF2JN5OBbzwlrWuhA,Myung In Dumplings,4.0,779,3109 W Olympic Blvd,Los Angeles,CA,90006
587,5JSRwc90j0V226stp1zWDA,Pomodoro Trattoria,4.5,967,1393 Westwood Blvd,Los Angeles,CA,90024
588,ZVjU7rMpPfZDqfwFR62tNA,The Halal Guys,4.0,822,510 W 7th St,Los Angeles,CA,90014
589,sPw1o5OYWE5C2JtbTXp5wg,Jon & Vinny's Fairfax,4.0,1767,412 N Fairfax Ave,Los Angeles,CA,90036
590,I6VqD_acNnlL7RYZEIBM9w,The Barbacoa Boyz,5.0,8,,Los Angeles,CA,90057
591,Fx_O-3ZSGr9PH6_sU-bL9Q,Bon Shabu,4.0,579,601 S Ardmore Ave,Los Angeles,CA,90005
592,cal0Wpupxj9c_AV7WzDXsw,GRANVILLE,4.5,1455,8701 Beverly Blvd,West Hollywood,CA,90048
593,nYD88woJ2pQn8iGPi6emrQ,10e,4.0,641,811 W 7th St,Los Angeles,CA,90017
594,EiGZST3PxwKs94PTOsD4eQ,Pho 87,4.0,1452,1019 N Broadway,Los Angeles,CA,90012
595,JicwLizIrqIvzn7LEBpHlQ,Wako Donkasu,3.5,592,2904 W Olympic Blvd,Los Angeles,CA,90006
596,7HANpUE8WiO_7drbeZpjvA,Doomie's Home Cookin',4.0,1775,1253 Vine St,Los Angeles,CA,90038
597,j3zbQyVS9C9SwzZGzAGAgg,Cardamom Indian Cuisine,4.5,908,7233 Beverly Blvd,Los Angeles,CA,90036
598,VX3n_CD4Jl0YL8bNyR1Nng,C J Boyd's Fried Chicken,4.5,22,3939 S Figueroa St,Los Angeles,CA,90037
599,V3bupSfbAFY5q0-qSyHVaQ,Wood Ranch BBQ & Grill,3.5,958,189 The Grove Dr,Los Angeles,CA,90036
600,fCzDsLfL5yvlGragBwV40A,Pink Taco,3.5,1256,8225 Sunset Blvd,Los Angeles,CA,90046
601,PLfZ1ACQRAC1bgOTzS5rBA,Tu Madre - West Hollywood,4.5,232,1111 N Hayworth Ave,West Hollywood,CA,90046
602,bSfdLm1ke0oFCUK7hiAQ_g,Frankie's,4.0,430,7228 Melrose Ave,Los Angeles,CA,90046
603,P-66iHCsbQSpU4kRq1dbdg,Mochinut,4.0,134,3064 W 8th St,Los Angeles,CA,90005
604,NffHWFzlhlsPvl06guR2gQ,Mohawk Bend,4.0,2412,2141 W Sunset Blvd,Los Angeles,CA,90026
605,Q3pwRtT8v8oTCKFEYJgCbg,Cassell's Hamburgers,4.0,1621,3600 W 6th St,Los Angeles,CA,90020
606,P7S8klSRcucx_6xoLC7Eqw,BBQ + RICE,5.0,137,5706 Santa Monica Blvd,Los Angeles,CA,90038
607,dLAVhYgrf_GE1wWLAEpxYQ,The Chicken Coop,5.0,15,,Los Angeles,CA,90028
608,iVyVs8L6xTtZZb1k050Ajg,Atrium,4.0,332,1816 - A N Vermont Ave,Los Angeles,CA,90027
609,lAmpZfYijXT5fcc1Zqy4Nw,Zankou Chicken,4.0,1409,1716 S Sepulveda Blvd,Los Angeles,CA,90025
610,khApvUwH1Xhe3MtaXmaZsg,The Kickin’ Crab,4.0,98,6122 W Sunset Blvd,Los Angeles,CA,90028
611,LtQu-lT9Hpm_n_5LcXsdYA,Sulga House of Beef Bone Soup,5.0,225,4451 Beverly Blvd,Los Angeles,CA,90004
612,9GHopT8nFKqztDYHacbK-A,Just Turkey,4.0,137,3340 La Cienega Blvd,Los Angeles,CA,90016
613,tXWWGFaKQBggwOKMdOuCdA,Sabor Nicaragüense Restaurant,5.0,87,1927 S Western Ave,Los Angeles,CA,90018
614,r6-usl4pPnuj9mlP-nEr_g,Jinsol Gukbap,4.5,96,4031 W 3rd St,Los Angeles,CA,90020
615,ktUtN287fE34-4XZupuGSA,The Sycamore Kitchen,4.0,895,143 S La Brea Ave,Los Angeles,CA,90036
616,-FsCSXbsUKj3ejdoFznUqA,Fresh On Sunset,4.5,133,8768 Sunset Blvd,Los Angeles,CA,90069
617,m_xAjTKjvcyqd-jBs8A2VA,Sushi Fumi,4.5,357,359 N La Cienega Blvd,Los Angeles,CA,90048
618,rQEMhSKknt-sDHjqwSC3Xg,Lowkey Burrito,5.0,31,1158 S Flower St,Los Angeles,CA,90015
619,2Z7pKTwHhFwuH-aTCgd-Rg,India's Tandoori,4.0,1454,5468 Wilshire Blvd,Los Angeles,CA,90036
620,Z3Vbl79nkhkwZ3D2JYAjAg,Crawford's,4.5,315,2616 Beverly Blvd,Los Angeles,CA,90057
621,J5VIIA_KdB33zQR8vgo5MA,Gus's Drive In,3.5,439,1657 W 3rd St,Los Angeles,CA,90017
622,cMGs0rWZxjBPmZ1x2tYJ0g,Roaming Italy,5.0,6,,Los Angeles,CA,90016
623,x6s_mTZmrwQ64KvwtGt5Vw,The Buffalo Spot,3.0,134,3286 W Slauson Ave,Los Angeles,CA,90043
624,TmSiqGPjd4ootNVwEG6H9g,Empanada's Place,4.5,788,3811 Sawtelle Blvd,Los Angeles,CA,90066
625,euIu-4rVEKrsAMMC8A0vZQ,Fogo de Chão Brazilian Steakhouse,3.5,1159,800 S Figueroa St,Los Angeles,CA,90017
626,4bgIaypX-9Xl8CitCgpw2w,B'ivrit,5.0,13,,Los Angeles,CA,90029
627,2AGiIf_qute8Yjyz-le5rQ,Lala's Argentine Grill,4.5,162,105 W 9th St,Los Angeles,CA,90015
628,tqeLoSVy_qRS5jaKTXCxyQ,The Stand,4.0,240,2000 Ave of the Stars,Los Angeles,CA,90067
629,zdb_15IAH6Ia_V6buaJxCg,Mendocino Farms,4.0,782,7100 Santa Monica Blvd,West Hollywood,CA,90046
630,4EAaHAf2hny208rgA0eB-g,Burger Lounge,4.0,374,217 N Larchmont Blvd,Los Angeles,CA,90004
631,o5X0ijLaZbW7OZA5GcOvxg,Tropicalia Brazilian Grill,4.0,559,1966 Hillhurst Ave,Los Angeles,CA,90027
632,HMZkNopx2zDg21tNVVDpiw,Tsujita La Artisan Noodle Annex,4.0,1854,2050 Sawtelle Blvd,Los Angeles,CA,90025
633,ClGqJ80ObaoTtGVV6_g5dA,Dream Kabob House,5.0,127,229 E 9th St,Los Angeles,CA,90015
634,bqp_25iz8wcjcG2MrD3ZTQ,Shake Shack,3.5,396,400 W 8th St,Los Angeles,CA,90014
635,Auv41ZI3Rco6By1pUtEqlQ,Big Ants BBQ,4.5,155,2207 N San Fernando Rd,Los Angeles,CA,90065
636,Yji5SVINMP7c2KOmGeouwg,ACA Grill,4.0,38,1300 S San Pedro St,Los Angeles,CA,90015
637,U87EaXDc2rl1Ix5K8ijWug,Jeonju Hyundaiok,4.5,57,3020 Wilshire Blvd,Los Angeles,CA,90010
638,AGyxcozRYuFPpRD-nBRu0Q,Pasta Sisters - Culver City,4.0,1328,3280 Helms Ave,Culver City,CA,90232
639,aGLajxFClnvoAGUqgBy0fw,Robert's Russian Cuisine,4.5,251,1603 N La Brea Ave,Los Angeles,CA,90028
640,_rNLDmwV1u_D2tiZLUFmYQ,Diablo,4.0,795,3129 W Sunset Blvd,Los Angeles,CA,90026
641,0TOFZhAptnr8fW-aP77hiQ,Halmoni Grandmas Dukbokki,4.5,62,322 E Pico Blvd,Los Angeles,CA,90015
642,Gpg8gJdlNTYs3S9lL8rj6g,Bok Bok Chicken,4.0,163,108 W 2nd St,Los Angeles,CA,90012
643,mLQ8UtRY-NvMG-PR3jm-Yg,Plancha Tacos,4.0,754,8250 W 3rd St,Los Angeles,CA,90048
644,QkoALjiWDL-p8BthwYtK0w,Wax Paper Chinatown,5.0,77,736 N Broadway,Los Angeles,CA,90012
645,_FNbXphJ3YwQ0WpE4tCyWg,El Huarachito,4.5,634,3010 N Broadway,Los Angeles,CA,90031
646,PPAzWMTAwQOcceowrXrsDg,Flavor Factory Food Truck,4.5,10,4650 Sunset Blvd,Los Angeles,CA,90027
647,qrjj7XeIx2XoFOomNVuT5w,Catch LA,3.5,2793,8715 Melrose Ave,West Hollywood,CA,90069
648,8Poon_JUtOZYtzhSLO2t8Q,Surfas Culinary District,4.5,71,3225 W Washington Blvd,Los Angeles,CA,90018
649,NYbHLVzFJJynQ7NgZEZ5VQ,Mala Town,4.0,108,2002 Sawtelle Blvd,Los Angeles,CA,90025
650,Gcu1t8hJv9D_CKDhO4-rSw,Open Face Food Shop,4.5,54,5577 W Adams Blvd,Los Angeles,CA,90016
651,OwoEStx-D5Dy5cGedkXrdQ,Blacksmiths,4.0,629,117 Winston St,Los Angeles,CA,90013
652,IkBr4b8ktf9L5ksxo9vtng,Poke Me,4.0,655,1244 Westwood Blvd,Los Angeles,CA,90024
653,glBduWUBLI4AEVAym4W6Ug,Burgers 99,4.0,75,131 S La Brea Ave,Los Angeles,CA,90036
654,-5TFq3V--bffJGW000YuGQ,Holbox,5.0,388,3655 S Grand Ave,Los Angeles,CA,90007
655,KvQ6feUPuHy2TSzIrMXpOQ,The Red Chickz,4.0,428,557 S Spring St,Los Angeles,CA,90013
656,mqqEbmEQzQkXJAk7LkJR-g,GamBoJok,4.5,55,301 S Western Ave,Los Angeles,CA,90020
657,KWYlYbgMk0_AkJ3NDhkYXg,Al & Bea's Mexican Food,4.0,749,2025 E 1st St,Los Angeles,CA,90033
658,xcGGRbDXSGzefu_5dI8wqA,Yuchun,4.0,1079,3185 W Olympic Blvd,Los Angeles,CA,90006
659,0iNaZ5M5rB4So7OgeyfGKA,Malama Pono Restaurant,5.0,152,13355 Ventura Blvd,Los Angeles,CA,91423
660,EzstcuNUD06nlmIx7wAWlg,New China Mongolian Bbq,4.5,64,4134 Crenshaw Blvd,Los Angeles,CA,90008
661,sal9Bpc38--tL9BBjp93lQ,LA Burrito,5.0,1,401 S Grand Ave,Los Angeles,CA,90071
662,egU533_tWCiKYA_2vVGFsw,Village Pizzeria,4.0,1495,131 N Larchmont Blvd,Los Angeles,CA,90004
663,V0e7EI1b6kVRgVrD-dHjQw,Hinterhof  - Vegan German Kitchen and Beer Garden,4.5,336,4939 York Blvd,Los Angeles,CA,90042
664,9RB_-5aXR9HMdrpcA6L5WQ,Chin's Hawaiian Teriyaki Bbq Chicken,4.0,75,1708 S Western Ave,Los Angeles,CA,90006
665,kaBIHYqe06aC5lXHMOVc7A,Nick + Stef's Steakhouse,4.0,669,330 S Hope St,Los Angeles,CA,90071
666,eCnYyV6biWxm1NQJTQ0Wig,Pailin Thai Cuisine,4.5,446,5621 Hollywood Blvd,Los Angeles,CA,90028
667,5o_XEyhLrgpB6Cmeqp9NGg,Casa La Doña,4.5,660,800 S Main St,Los Angeles,CA,90014
668,_LEEebsi3itk8dgVZvMayw,Hells Chicken,4.0,41,5527 Hollywood Blvd,Los Angeles,CA,90028
669,GMyarj6vbMqr-sS2UG4KVw,Wake and Late,4.5,664,105 East 6th St,Los Angeles,CA,90014
670,UPS373VijAWw6TeYPXmItg,Super Tortas DF,4.5,157,1098 E 41st St,Los Angeles,CA,90011
671,yyFYXpciJvklnRupotn6qw,Yuca's,4.0,787,2056 Hillhurst Ave,Los Angeles,CA,90027
672,TmDZlfdPWgvQvXrZZcDiGA,The Silver Lake House,4.5,257,1737 Silver Lake Blvd,Los Angeles,CA,90026
673,fNkU4SmWjCNfOPBRrjPgWw,Mano Po,4.5,11,777 S Alameda St,Los Angeles,CA,90021
674,hnHwGO-uDz9TjQw2xGBZTw,Zinqué,4.0,147,939 S Broadway,Los Angeles,CA,90015
675,ierxTDAcyBrBXFyMadrAlA,Burgerlords Chinatown,4.0,794,943 N Broadway,Los Angeles,CA,90012
676,WRTTkYLgEry6ox7AU0HZtg,Manila Sunset,3.5,184,1016 N Vermont Ave,Los Angeles,CA,90029
677,SsQmelYytgCNxzBm0T1CCw,Toranj,5.0,175,10861 Lindbrook Dr,Los Angeles,CA,90024
678,AXyaUyGqHdTrneoeW6ZXTw,Twins Sliders,4.0,158,5940 Sunset Blvd,Los Angeles,CA,90029
679,SREXeeGWWQwKP54fCljwZg,Monsieur Marcel,4.0,792,6333 W 3rd St,Los Angeles,CA,90036
680,9OoDY9PhpQIZt09WiNn1CA,Carvery Kitchen,4.0,296,8832 Pico Blvd,Los Angeles,CA,90035
681,gyWKvlHHI1lkcKhJKXlmuw,Belcampo LA/West Third,4.0,341,8053 W 3rd St,Los Angeles,CA,90048
682,SGr-W_g4ecqkkEweCc1RVg,BAR Ama,4.0,1213,118 W 4th St,Los Angeles,CA,90013
683,odzvOMZgp0OVYGp9sDS3qQ,The Apple Pan,3.5,2943,10801 W Pico Blvd,Los Angeles,CA,90064
684,Pb9KCJOvzfE20vRmOGtOrg,El Coyote Mexican Cafe,3.5,1788,7312 Beverly Blvd,Los Angeles,CA,90036
685,h_R_5wD2zEd5R4sWjA9EtA,Mixto Comida Latina,4.0,694,2827 Hyperion Ave,Los Angeles,CA,90027
686,0da9y99NpbY6jc7ZgBMHbw,The Holy Grill Restaurant,4.5,167,8975 W Pico Blvd,Los Angeles,CA,90035
687,ctB_3PPniGMzs49wEqDF7g,Ten-Raku,4.5,512,4177 W 3rd St,Los Angeles,CA,90020
688,PfHYIFTflHuHGXM-Lvy97w,Hock+Hoof,4.5,322,333 S Alameda St,Los Angeles,CA,90013
689,W460ed_NBJmSZYbyDgho1w,Ohana BBQ,4.5,387,11269 Ventura Blvd,Los Angeles,CA,91604
690,209RgejrS2A4uOgD5CqO_Q,My Mango Sticky Rice,4.5,21,3468-3466 S Sepulveda Blvd,Los Angeles,CA,90034
691,eKkQ2Y9_ZM_am4iA27gFpA,Potato Chips Deli,4.5,224,308 N Stanley Ave,Los Angeles,CA,90036
692,0jMeb7Pp8Tqj9YAu0Yi8hA,The Jerk Spot Jamaican Restaurant,4.0,442,9006 Venice Blvd,Culver City,CA,90232
693,eTDN9KE5LAjQdai_8J6pZg,Villa Moreliana,4.5,423,317 S Broadway,Los Angeles,CA,90013
694,IzLRBCRlworctabyPjvXjw,BBQ + Rice WeHo,4.5,290,7363 W Sunset Blvd,Los Angeles,CA,90046
695,b85ulrz02-Dx6SR_cAzxbw,RoRo's Chicken,4.0,576,6660 W Sunset Blvd,Los Angeles,CA,90028
696,2A18f5TRpM9fBL29byLiAA,Porto's Bakery & Cafe,4.5,9033,315 N Brand Blvd,Glendale,CA,91203
697,vD_vPxFQ8Bf4OO32bVsPxg,The Phoenix,4.0,222,8480 W 3rd St,Los Angeles,CA,90048
698,TfOSFot95apd12VspcmW7A,The Heights Deli & Bottle Shop,4.5,571,2927 N Broadway,Los Angeles,CA,90031
699,e8Y0i00oKILndcBwm8L7PA,Cafe Gratitude,4.0,975,300 S Santa Fe Ave,Los Angeles,CA,90013
700,v7CpSe0yu-ki5a8CPPDgWg,Rincon Hondureno,4.0,89,1654 W Adams Blvd,Los Angeles,CA,90007
701,VKOiEMaDnR41oA3Dw0mosg,SUGARFISH by sushi nozawa,4.0,664,101 S La Brea,Los Angeles,CA,90036
702,j1N-CDnxpeU9SS_uLhJFwQ,Teriyaki Madness - DTLA,3.5,3,1120 W 6th St,Los Angeles,CA,90017
703,4grbsxnUnyKgmXmvSWBKKw,KaGaYa,4.5,619,418 E 2nd St,Los Angeles,CA,90012
704,SC8JygWEEGXCmykQrfdHzg,Natalie Peruvian Seafood Restaurant - Hollywood,4.0,445,5759 Hollywood Blvd,Los Angeles,CA,90028
705,Mvl69G--JEFA8xlN21xqpw,Mamilla,4.0,66,8657 W Pico Blvd,Los Angeles,CA,90035
706,OSzx70nkKXjpsvB2B6wSvQ,Crepes De Paris,4.5,161,123 S Figueroa St,Los Angeles,CA,90012
707,jaLRtJ7YGYcCszfiBFxoHQ,Silverlake Ramen,4.0,3316,2927 W Sunset Blvd,Los Angeles,CA,90026
708,-K4vD1sX2sy9dWwPvnItiw,Stark's Hot Chicken,4.5,86,207 S Vermont Ave,Los Angeles,CA,90004
709,UJg9U_6djc7Wc089s1hFCg,Honey Bee's House of Breakfast,4.0,806,4715 W Adams Blvd,Los Angeles,CA,90016
710,xPoZ1x-sGynBexrmRXyKlA,All Day Baby,4.0,146,3200 W Sunset Blvd,Los Angeles,CA,90026
711,4LFbJ8P4jCh70ZNKRig0qw,EMC Seafood & Raw Bar,4.0,3217,3500 W 6th St,Los Angeles,CA,90020
712,-mq80_a6ARtCHKpj_76SaA,Trejo's Cantina - Hollywood,3.5,577,1556 N Cahuenga Blvd,Los Angeles,CA,90028
713,QsF_MNX-C31GPiWsBp6VCQ,STICK BBQ LA,4.0,5,5321 Hollywood Blvd,Los Angeles,CA,90027
714,chHgp2uVeVZkjn0H9ZaOGQ,Cafe Brasil,4.0,854,11736 W Washington Blvd,Los Angeles,CA,90066
715,_a1mVQvn7Ucp7aKm7XaAig,Habachihana Grill,4.0,93,1045 S Hill St,Los Angeles,CA,90015
716,FlL2h3iROzhAIVBp3OaA9g,Road To Seoul,4.0,3740,1230 S Western Ave,Los Angeles,CA,90006
717,ToWTEsyw1z1jpi1vaOIEew,MIXT,4.5,83,3100 W Sunset Blvd,Los Angeles,CA,90026
718,7b12RYgz4Kyr-5aowO846g,Legend Outdoor Dining,4.5,7,1925W Olympic Blvd,Los Angeles,CA,90006
719,SUaOf5IC34Q2Yzy_SvfZuQ,Jeff's Gourmet Sausage Factory,4.0,444,8930 W Pico Blvd,Los Angeles,CA,90035
720,y2eWXL2qbTW8tXyrEsfEqQ,Bacari W 3rd,4.5,445,8030 3/4 W 3rd St,Los Angeles,CA,90048
721,LXhSp1RYSHIEZ4c01ewmPA,Loqui,4.5,675,8830 Washington Blvd,Culver City,CA,90232
722,niNizz2D7NnBN4iPUi_auQ,sweetgreen,4.0,491,8055 W 3rd St,Los Angeles,CA,90048
723,eHwdLWQrg4nr_3fuiH_jhQ,Honey Night,4.5,176,3526 W 8th St,Los Angeles,CA,90005
724,hagTEXx6TQqcT6d_2gz_5w,Rich's BBQ,5.0,67,4100 Sunset Blvd,Los Angeles,CA,90029
725,VhKyyEcOll0rrOLAbZio3Q,SHIN,4.0,826,1655 N La Brea Ave,Los Angeles,CA,90028
726,Vrzv1ge6IPtvKxls_GUnOQ,Wafflejack,4.0,186,6801 Hollywood Blvd,Los Angeles,CA,90028
727,aJgVt9hQ7HDZAQBBk-xw_w,Jeon Ju Restaurant,4.0,376,2716 W Olympic Blvd,Los Angeles,CA,90006
728,WJmzdY8wZh8bBx5vbE14oQ,The Kitchen,4.0,1443,4348 Fountain Ave,Los Angeles,CA,90029
729,-TbXlVKr3gOAV1r7k-XEQA,Noya Kitchen,5.0,104,4204 W 3rd St,Los Angeles,CA,90020
730,XbylODhqWhRDt_zbkHbUtA,SushiStop,3.5,847,5917 Franklin Ave,Los Angeles,CA,90028
731,x9uC3-5WythdfzoIOCK6iQ,MESSHALL,3.5,1293,4500 Los Feliz Blvd,Los Angeles,CA,90027
732,2goSSpEuir3egIAmo6Rbcw,Olga's Naturally: Mexican + Vegan,4.0,269,5808 Obama Blvd,Los Angeles,CA,90016
733,dK8ce0kuS42cWz8v3NdZdQ,Ono Hawaiian BBQ,3.5,156,5550 Wilshire Blvd,Los Angeles,CA,90036
734,CrhxZYjMxlPMgd61ARxVMA,Holdaak,5.0,78,5054 York Blvd,Los Angeles,CA,90042
735,M2mLuHbmDzwR8QMGqdLjrQ,Truxton's American Bistro,4.0,1440,8611 Truxton Ave,Los Angeles,CA,90045
736,j9CgbymJkQ08JUlNqxsjbw,Mae Ting's Coconut Cakes,4.5,106,1100 N Main St,Los Angeles,CA,90012
737,FcRUT9viDg1V25ClpTP6VQ,York Kabob,4.5,346,4682 York Blvd,Los Angeles,CA,90041
738,Sb_hPko42AEdCbX5Nut5hA,Flavor Table,4.0,642,2812 W Florence Ave,Los Angeles,CA,90043
739,6GoklBhGvonSU_AJpTvexw,The Six Chow House West Los Angeles,4.0,720,10668 W Pico Blvd,Los Angeles,CA,90064
740,UZ0fPngKt0CHVeJe4WfUqg,Halal Food Indian Cuisine,5.0,3,1905 S Western Ave,Los Angeles,CA,90018
741,12jL9bVids7OgTm_0_JCbg,The 3rd Stop,4.0,637,8636 W 3rd St,Los Angeles,CA,90048
742,WPoyviCJpBfHpSxkLr0_1w,Pita Café,4.0,273,1976 South La Cienega Blvd,Los Angeles,CA,90034
743,W72Vw4dDILjmFtSC0z2CCw,Mitsuru Cafe,4.0,834,117 Japanese Village Plz Mall,Los Angeles,CA,90012
744,25fipMHUHLZTq0sVQINi5g,The Front Yard,4.0,2274,4222 Vineland Ave,North Hollywood,CA,91602
745,Qo4F-RObp5GXE_-vZXzD5g,Olympic Noodle,4.0,376,4008 W Olympic Blvd,Los Angeles,CA,90019
746,g-UI37EnWkqBfoRIiHFohw,Roscoe's House of Chicken & Waffles,3.5,589,106 W Manchester Ave,Los Angeles,CA,90003
747,uJK1SCcuw4y5stmMKFFmtg,Simply D'Licious,3.5,289,4641 W Washington Blvd,Los Angeles,CA,90016
748,gI4tD4t2Uyb-NqeBitfXGA,BESTIES Vegan Paradise,5.0,87,4882 Fountain Ave,Los Angeles,CA,90029
749,s00ZAKyu-rjpKsr3m6ReGA,moonbowls,4.0,105,1842 W Washington Blvd,Los Angeles,CA,90007
750,im2Dqafry4edoq2DKsAcnQ,Mariscos 4 Vientos,4.0,661,3000 E Olympic Blvd,Los Angeles,CA,90023
751,j63ipopHrhHHnoy9Ac5m0g,Tacos Delta,4.0,595,3806 W Sunset Blvd,Los Angeles,CA,90026
752,lE0ceQRIUrhvfUE8Pg9sXw,SUGARFISH by sushi nozawa,4.0,2472,600 W 7th St,Los Angeles,CA,90017
753,CEgXWVuffLS6yjq_O0seVg,Berlin Currywurst,4.0,259,317 S Broadway,Los Angeles,CA,90013
754,3Tfkr7eD4wvd_zr7IhBCwQ,Velvet Margarita,4.0,1201,1612 N Cahuenga Blvd,Los Angeles,CA,90028
755,ubAiG5pgaQazJpoFHfViMg,Birds,4.0,938,5925 Franklin Ave,Los Angeles,CA,90028
756,t3WZtBnCauMWywGc9NJs1g,Lemme Smash Burgers,5.0,5,5151 W Pico Blvd,Los Angeles,CA,90019
757,A9J4E06o1NaT_nKvXf61pQ,Tabla By Sofi Restaurant,4.0,28,8108 W 3rd St,Los Angeles,CA,90048
758,T-oJxnx7vlJYdzFxjOK3FA,Love Boat Kitchen,5.0,1,1253 Vine St,Los Angeles,CA,90038
759,3bcwe6fXqraCf3vThCGrxw,Elio’s Wood Fire Pizza,4.5,113,2517 Sunset Blvd,Los Angeles,CA,90026
760,O97WUjVSFZqt1GycJZjlMA,BongChu,4.0,249,3377 Wilshire Blvd,Los Angeles,CA,90010
761,bdHCyyGuBWQqw47VMhJGdg,Lemonade,4.0,331,250 S Grand Ave,Los Angeles,CA,90012
762,2ptYhY0gxay6PwdCzAsTmw,Le Petit Greek,3.5,423,127 N Larchmont Blvd,Los Angeles,CA,90004
763,UlOdAUpnTWYbg5KJhKVdpg,Daikokuya Sawtelle,4.0,1588,2208 Sawtelle Blvd,Los Angeles,CA,90064
764,9CVqDuk5475QzAEunj_7lA,Locanda Veneta,4.5,504,8638 W 3rd St,Los Angeles,CA,90048
765,Q-7u7kPhVeGYV8DdKbj02A,Isaan Station Thai Street Food,4.0,619,125 N Western Ave,Los Angeles,CA,90004
766,clJmJd_tbaK34j1CN-9MYQ,Koreatown Pizza Company,4.0,346,3900 Wilshire Blvd,Los Angeles,CA,90010
767,Y6fIDAmbM7cvnZsbOWFb-w,Tokyo Hamburg,4.0,495,600 S New Hampshire Ave,Los Angeles,CA,90005
768,_9eQldnHu-amupjQx7_u4A,El Guanaco Restaurant,4.5,42,5656 Santa Monica Blvd,Los Angeles,CA,90038
769,KMZKgZCy6jJ3vbP_XL8rHA,El Taurino,3.5,2113,1104 S Hoover St,Los Angeles,CA,90006
770,DryPvekrxsqbpOJNOajRpA,Golden State,4.0,1532,426 N Fairfax Ave,Los Angeles,CA,90036
771,mcL8IfhJKfxxCAGoRswnGQ,My Thai,4.0,595,3407 W 6th St,Los Angeles,CA,90020
772,yNBlfI0twfw2-r8Chsgdfg,Blossom Restaurant,3.5,1075,426 S Main St,Los Angeles,CA,90013
773,dWoQPRhhHPBAssKJy9MpBw,KyoChon,3.5,2323,3833 W 6th St,Los Angeles,CA,90020
774,0hddg8pBXwnGog0bmmIm9w,Chef Marilyn's,3.5,177,2638 Crenshaw Blvd,Los Angeles,CA,90016
775,kbgEwipbXeu3fAbornL96g,Tara's Himalayan Cuisine,4.0,1129,10855 Venice Blvd,Los Angeles,CA,90034
776,3jQBLJqoOeajjwVjewYIzg,Natalee Thai Restaurant,3.5,578,998 S Robertson Blvd,Los Angeles,CA,90035
777,MltwcufAgZHUftzJhFEfKw,Krack N Krab,4.5,88,222 N Western Ave,Los Angeles,CA,90004
778,00eNYXMKgUV5vMUBBBmXmQ,Azla,4.5,408,4309 Leimert Blvd,Los Angeles,CA,90008
779,HHfnN_nVJp-p1rnJXoyXpg,Cluck & Blaze,4.5,80,4000 San Fernando Rd Glendale Ca 91204,Glendale,CA,91204
780,ORXAkSK7yKdT5kPCvXhk4w,Humble Potato,4.0,647,12608 Washington Blvd,Los Angeles,CA,90066
781,7sZnRtSBZcrScdtE-gWyPw,Chi Spacca,4.0,564,6610 Melrose Ave,Los Angeles,CA,90038
782,KOuqS-inE44o9-1Jix9Tag,Shojin Downtown,4.0,1812,333 S Alameda St,Los Angeles,CA,90013
783,huwuKVl3h5WEx9gEHZ34Yg,Which Wich?,4.5,121,5529 Hollywood Blvd,Los Angeles,CA,90028
784,F0m3ThGC4qA4n38mLn-Q_A,Gindaco,5.0,17,3760 S Centinela Ave,Los Angeles,CA,90066
785,_joblNyGX1-cs4ZZHYCNvw,King's Hawaiian Grill,4.0,8,1000 Vin Scully Ave,Los Angeles,CA,90012
786,_JKZ9v9w_UjGfI9Ukb5IYg,Kusina Filipina Los Angeles,4.0,319,4157 Eagle Rock Blvd,Los Angeles,CA,90065
787,ccJcaRCHQkJmmnGC1SN4hQ,Louders,4.5,156,3470 W 6th St,Los Angeles,CA,90020
788,_k7GvWRH72vd4N8b70uT9g,Mariscos La Corita,4.5,118,4504 Avalon Blvd,Los Angeles,CA,90011
789,xQWYGO2S3GrOe_fm6NcRbw,The Thai Thing,4.0,283,6015 W 3rd St,Los Angeles,CA,90036
790,jUUL15bDuUwwX73Mqivisg,Poke Me,4.0,262,310 S La Brea Ave,Los Angeles,CA,90036
791,xb9-MjRrzDfZRTC2rNvMsw,CAVA,4.0,283,9343 Culver Blvd,Culver City,CA,90232
792,7wsEe4InvZwzigOnLlL6PQ,Dōnatsu,4.5,384,330 E 2nd St,Los Angeles,CA,90012
793,R3dhPDcl3bYhRXwCWvIK2w,MORIHIRO,4.5,3,3133 Glendale Blvd,Los Angeles,CA,90039
794,JFA49Hzbgw0E5FdQ3UFOew,Love Hour,5.0,10,532 S Western Ave,Los Angeles,CA,90020
795,wvK6B4td9lh3PBPiNqzhlA,Sea Salt Fish & Chips,4.0,89,4732 Hollywood Blvd,Los Angeles,CA,90027
796,LvCe3gVQJrMGPi0LxcEAlg,The Six Chow House Studio City,4.5,2175,12650 Ventura Blvd,Studio City,CA,91604
797,TL4gq9aemztk7UkvBvV4_w,Crustacean Beverly Hills,3.5,493,468 N Bedford Dr,Beverly Hills,CA,90210
798,zRzmTeTnjf7Gm4WQzqd1xQ,Totoyama Sushi & Ramen,4.0,297,6201 Hollywood Blvd,Los Angeles,CA,90028
799,asydRiVEAsv5u2X8BUG1kw,Joan & Sisters Restaurant,4.0,66,3709 S Western Ave,Los Angeles,CA,90018
800,0uRqBRs-zWw95G8bxR78jg,Mapo Galbi,4.0,312,1008 S St Andrews Pl,Los Angeles,CA,90019
801,2EnYyy0Vh8Ump4CRfdRx3g,Nic's on Beverly,4.5,353,8265 Beverly Blvd,Los Angeles,CA,90048
802,iiJw1iM_ELDvl09X3Zgl-Q,Bao To Go,4.5,9,8250 Beverly Blvd,Los Angeles,CA,90048
803,juJBahmqCPSFyGVBfEVC4Q,Thai Original BBQ Restaurant,4.0,291,5324 Hollywood Blvd,Los Angeles,CA,90027
804,VRlrvtmKcpY86oyF93WVRQ,Fresh Corn Grill,4.0,635,1266 Westwood Blvd,Los Angeles,CA,90024
805,IMoMSsC3oDqcNZCQXyo8iQ,Caffe Concerto,4.0,1263,610 S Serrano Ave,Los Angeles,CA,90005
806,dCv5jKMKGyYxpFUgY7J5RA,Chan Korean Restaurant,4.5,117,698 S Vermont Ave,Los Angeles,CA,90005
807,kLMwIMioGwempP4oCuQp0A,Aloha Café,4.0,691,410 E 2nd St,Los Angeles,CA,90012
808,BiLyUMrDId2xXIuLZ9C7MA,Tomboloco Peruvian Restaurant,4.0,55,4103 Beverly Blvd,Los Angeles,CA,90004
809,3dmkjDqnsp__V5kxsq6rOA,Post & Beam,3.5,942,3767 Santa Rosalia Dr,Los Angeles,CA,90008
810,yoS4p3WkpBbuTHybWlFlYg,Taco Mell,4.5,24,4326 Crenshaw Blvd,Los Angeles,CA,90008
811,ZLFWmPcu6D6UBomUTpjJRg,Melrose Burgers 'N Fries By Fala Bar,4.5,351,7751 1/2 Melrose Ave,Los Angeles,CA,90046
812,KZlRMaKltCw-BFQtqCc20Q,Umami Burger - The Grove,3.5,1377,189 The Grove Dr,Los Angeles,CA,90036
813,p78nnAZrr2JxVNqggm0JSQ,DRAGO Centro,4.0,1562,525 S Flower St,Los Angeles,CA,90071
814,hHRvhsRKOd50wVBt7JvpaQ,Traktir,4.0,442,8151 Santa Monica Blvd,West Hollywood,CA,90046
815,7gl5sUrW3m9_Vf5rXrt7cQ,The Boiling Crab - To Go,4.0,205,3377 Wilshire Blvd,Los Angeles,CA,90010
816,q6le-DVf2pTp3IrShu0sog,Carnitas El Momo,4.5,179,2411 Fairmount,Los Angeles,CA,90033
817,5JVi9TYevK6NIzbZpg2cIg,Off Da Hook Fish House,4.5,25,3440 W Slauson Ave,Windsor Hills,CA,90043
818,jJhbNZqBLbLK4IRVuoIgyg,Melody,4.0,204,751 N Virgil Ave,Los Angeles,CA,90029
819,oqLsYZSS_CFXfmh0yZDNdQ,E.A.K. Ramen,4.0,387,7455 Melrose Ave,Los Angeles,CA,90046
820,6ytRLP9rivVIcMptLYkfkA,Rasselbock L.A. Kitchen & Beer Garden,4.0,153,3817 Grand View Blvd,Los Angeles,CA,90066
821,30ImV7tGPEkRvXkPMTLG3Q,Corner Place,4.0,927,2819 James M Wood Blvd,Los Angeles,CA,90006
822,J_lx7R83sKaXGwAE0_YKoA,Wok Bar,4.0,41,3055 W 7th St,Los Angeles,CA,90005
823,w8_O2BaWR_2ZB0w7iLGtFQ,Melkam Ethiopian Restaurant,4.5,21,3182 W Pico Blvd,Los Angeles,CA,90019
824,rYPQv2bCk2orpbHCBfY5Uw,Johnny's West Adams,4.0,147,4327 W Adams Blvd,Los Angeles,CA,90018
825,0JyCFdMTvuj54i-RUuV5XA,Matsumoto,4.5,124,8385 Beverly Blvd,Los Angeles,CA,90048
826,WNsNInXMUtIhaWQkEM8sng,Xtiosu Kitchen,4.5,235,923 Forest Ave,Los Angeles,CA,90033
827,FlPO6rsn_XoBN4YacOpKvw,Muma Kitchen,4.0,379,1942 Westwood Blvd,Los Angeles,CA,90025
828,UJhIXf50IsxSTKh4qfbudQ,Wally's Beverly Hills,4.0,846,447 Canon Dr,Beverly Hills,CA,90210
829,bFnBfWClQSaRopnI-ZGbtQ,Pad Thai Bistro,5.0,7,730 S Central Ave,Glendale,CA,91204
830,ZAfPTUXULIuma2N6Sb-dMQ,Little Bear Bar,3.5,774,1855 Industrial St,Los Angeles,CA,90021
831,_LJ2Ub-G-UBQI9pHQvE-bA,Desert Rose,3.5,910,1700 N Hillhurst Ave,Los Angeles,CA,90027
832,JAcMCVZqG79ZC3nY10p0rA,Tocaya Organica - Hollywood,3.5,317,6550 Sunset Blvd,Los Angeles,CA,90028
833,wDCB-CyI07fux_Bm93ejSQ,abeautifullife jamaican cafe,3.5,170,216 S Spring St,Los Angeles,CA,90012
834,O1mZqTsmuDs8vtUhDsvMIA,Sky's Gourmet Tacos,4.0,1088,5303 W Pico Blvd,Los Angeles,CA,90019
835,g5s8qBx7_uUU-3pALdvCMQ,Rice & Nori,4.5,321,123 Astronaut E S Onizuka St,Los Angeles,CA,90012
836,I-y-MAy1YNbet0nKSEoeZA,Falafel Corner,4.0,280,698 Irolo St,Los Angeles,CA,90005
837,ZFgPuBh0Ao4Z9vX7-z6-Cw,RibTown B.B.Q,4.5,27,2125 W Jefferson Blvd,Los Angeles,CA,90018
838,QOzowGzDejfQ2N4Rvrp40Q,Rocco's Italian Market and Deli,4.5,223,1761 N Vermont Ave,Los Angeles,CA,90027
839,64A2TOfFpzEjadKng6-iqg,La Serenata de Garibaldi,4.0,475,10924 W Pico Blvd,Los Angeles,CA,90064
840,5k77USD2KqLcfuZvwsBkfQ,Papa Jakes Sub Shop,4.0,69,6333 West 3rd St,Los Angeles,CA,90063
841,FwbZVfx2EBQ7aS090V6dzA,Fabiolus Cucina,4.0,865,6270 W Sunset Blvd,Hollywood,CA,90028
842,T5XzED-R0r9KJz74EcHUNg,Sapp Coffee Shop,4.0,930,5183 Hollywood Blvd,Los Angeles,CA,90027
843,6KWWh5MEe0WePoUOd2sxxQ,Sushi Ippo,4.0,1457,3800 Wilshire Blvd,Los Angeles,CA,90010
844,vsVGA4-vCEHCBi6RUK_WFA,Noe Restaurant and Bar,4.0,533,251 S Olive St,Los Angeles,CA,90012
845,E9SlgKEJF7_uhmrfwKQOyg,Beignet Box,4.0,67,12136 Ventura Blvd,Los Angeles,CA,91604
846,KgPICfpkOeM_o4MdqUGDwA,Sea Dragon Chinese Restaurant,4.0,418,101 S Vermont Ave,Los Angeles,CA,90004
847,0mDwFahV2qgGYM2sL1m0Pw,Meals by Genet,4.5,766,1053 S Fairfax Ave,Los Angeles,CA,90019
848,5g_PY-1sE2hjcL4NRhjPbQ,Falafel Queen,4.5,45,5101 W Pico Blvd,Los Angeles,CA,90019
849,O4h3UBSZG5oyB2QrOsrjjw,Ocean Prime,4.0,952,9595 Wilshire Blvd,Beverly Hills,CA,90212
850,PHIcRSvtB-NUoA_ouoC6Hg,Tut's Grill,4.5,188,12114 W Washington Blvd,Los Angeles,CA,90066
851,8ewoDluFpb8kJ49s0-aQxQ,Jook Hyang,4.5,348,3177 W Olympic Blvd,Los Angeles,CA,90006
852,gAb-NtuNbNG8p2dqUMQGjw,Palermo Italian Restaurant,4.0,1561,1858 N Vermont Ave,Los Angeles,CA,90027
853,AX-hRDB8zpIHKMix9VqB8g,H Cafe,4.5,548,3200 W 8th St,Los Angeles,CA,90005
854,KW6SuvmXZOBJSvMDhk8KUw,Casa Sanchez,4.0,1276,4500 S Centinela Ave,Los Angeles,CA,90066
855,6bqxHEgw3YFzfKqxYw6yaQ,Kitchen Sooda,4.0,187,618 S Serrano Ave,Los Angeles,CA,90005
856,q-HKatFNDEG44ADvIOVd8g,Inko Nito,4.0,608,225-227 S Garey St,Los Angeles,CA,90012
857,jsBYgXptlSR7L6yT-PWNyA,Bahay Kubo Restaurant,3.5,234,2330 W Temple St,Los Angeles,CA,90026
858,xY3GGdmvSFUIm-B_RFIjwQ,La Noche Buena Restaurant,4.5,342,12 Olvera St,Los Angeles,CA,90012
859,jfF_kQ2RXoYYcVLkNzcrVQ,Sonsonate Grill,2.5,108,4350 S Avalon Blvd,Los Angeles,CA,90003
860,l5xPawJ1xui80qLKzGE5RA,Louise's Trattoria,3.5,284,232 N Larchmont Blvd,Los Angeles,CA,90004
861,L3waXK2Oo2vX-YGcpuk_iQ,Parsnip,5.0,343,3324 Verdugo Rd,Los Angeles,CA,90095
862,Xt_y5kSJJs3smGys0_Wm8w,Awash Restaurant,4.5,422,5990 1/2 W Pico Blvd,Los Angeles,CA,90035
863,f2V2OzCi0eNe9I-XnJOuwg,La Numero Uno,4.5,453,1247 Vine St,Los Angeles,CA,90038
864,3_K8UCyMkLiDH4SwaLPylQ,Blasteran,5.0,103,272 South La Cienega Blvd,Beverly Hills,CA,90211
865,iOuz4WzpUaG6MOajq4Hi2A,Peking Tavern,4.0,753,806 S Spring St,Los Angeles,CA,90014
866,BedKHD1gtsnsWlVzXVeXNw,Pho Cafe,3.5,1402,2841 W Sunset Blvd,Los Angeles,CA,90026
867,2olt6pTua1gxBTv_uVLp8A,Madera Kitchen,3.5,468,1835 N Cahuenga Blvd,Los Angeles,CA,90028
868,FqyTKMzJVf54TlRnfp5lCQ,Buna Ethiopian Restaurant & Market,4.5,376,1034 S Fairfax Ave,Los Angeles,CA,90019
869,kr9RZATtNwJznY9TaMexUA,Te'Kila,4.0,1000,6541 Hollywood Blvd,Los Angeles,CA,90028
870,Lu2osODR3Cu9kTfaav3JiQ,Brothers Cousins Tacos,5.0,119,11341 National Blvd,Los Angeles,CA,90064
871,ywscgA5LUgvwX7WrPuAM2A,Sushi Kaneyoshi,5.0,10,250 East 1st Street B1,Los Angeles,CA,90012
872,RHMP6xV5Q58L18OUWQXKNA,Dedicated Danny's Bacon Wrapped Hotdogs,5.0,72,111 N Hill St,Los Angeles,CA,90012
873,F-rQ33zVrlNIPBFPoXZOSQ,Cactus Taqueria #1,4.0,953,950 Vine St,Los Angeles,CA,90038
874,coTzuG6YYIwexqL4BOTeNQ,Buil Samgye Tang,4.5,448,859 S Western Ave,Los Angeles,CA,90005
875,JxfOcD7GPDXPk2RuylDJcQ,Sustainabowl,4.5,399,8338 Lincoln Blvd,Los Angeles,CA,90045
876,nxsv2OEn59pBIr8QXFExDw,Casa Chapina Restaurant,4.0,32,501 N Western Ave,Los Angeles,CA,90004
877,ks1cFOtpTyBZCMnGmPNxzw,El Caserio,3.5,674,401 Silver Lake Blvd,Los Angeles,CA,90026
878,qOKsBrRBSrOuVBBCvnzrMw,Avra Beverly Hills,4.0,772,233 N Beverly Dr,Beverly Hills,CA,90210
879,x4k-csqCwofptVyYSIxtXw,California Chicken Cafe,4.0,994,2005 Westwood Blvd,Los Angeles,CA,90025
880,dS9KA-hE7htftIA_n_5VqA,Natalee Thai,3.5,1365,10101 Venice Blvd,Los Angeles,CA,90034
881,Emurmrl9E3vOXmiEcq3qkw,Bird's Nest Cafe,4.0,783,2403 S Vermont Ave,Los Angeles,CA,90007
882,fEFkf7jYjaWfyil0DjOuIw,Messob Ethiopian Restaurant,4.0,851,1041 S Fairfax Ave,Los Angeles,CA,90019
883,MKzpvCubZUrS3WKa9NIgdQ,n10 Los Angeles,4.0,211,8436 W 3rd St,Los Angeles,CA,90048
884,ly7L13OVHcSOm1JSuFwKwg,Electric Owl,4.0,420,1451 N Gardner St,Los Angeles,CA,90046
885,dC7ZBsc1_YFF0lBcZn-PZg,Ave 26 Taco Stand,4.5,1568,Ave 26 & Humboldt St,Los Angeles,CA,90031
886,kqgPgdIPoW1Gik8bxAGuRg,The Pie Hole,4.0,3146,714 Traction Ave,Los Angeles,CA,90013
887,z9XpiScWClpOcN1S9sFPtQ,Bianca's Deli & Café,4.5,149,1307 N Vermont Ave,Los Angeles,CA,90027
888,GKQApReu8U9hip4A2ApJ_A,Osteria La Buca,4.0,1935,5210 Melrose Ave,Los Angeles,CA,90038
889,teOH2ATgXmnGGREl05EMbg,Roots & Rye,5.0,217,2134 Sunset Blvd,Los Angeles,CA,90026
890,HrurjBU0l19vzBP86D_YTQ,The Trails,4.0,603,2333 Fern Dell Dr,Los Angeles,CA,90027
891,1xe7ikU6Tr4Om5fGqRWsHg,El Colmao,4.0,245,2328 W Pico Blvd,Los Angeles,CA,90006
892,tk4W_7pSErKIV4N1YxbtwA,Menchitas Grill Restaurant Y Pupuseria,4.0,76,2116 S La Brea Ave,Los Angeles,CA,90016
893,c_nzj_y_kTPreQXpZMHchw,PSY on Pico,4.5,87,9407 W Pico Blvd,Los Angeles,CA,90035
894,mpXwW9YEu0uEFadsfFy26w,Mrs Fish,4.5,1112,448 South Hill St,Los Angeles,CA,90013
895,ZDr8mXcssUDGgMnpIyQmew,El Cafetal Salvadorian Restaurant,4.0,42,4929 Santa Monica Blvd,Los Angeles,CA,90029
896,EB-RtApkwptE3wRCQO8bCw,Badmaash - Downtown LA,4.0,1837,108 W 2nd St,Los Angeles,CA,90012
897,2FyPXlPXz1yEbQWy-qJDUw,Clementine,4.0,1046,1751 Ensley Ave,Los Angeles,CA,90024
898,AEv5LTvg1FbGTsnPv486_Q,Spago,4.0,2022,176 N Canon Dr,Beverly Hills,CA,90210
899,ir83yogKCv7Awv75utz_lw,Qin West Noodle,3.5,254,1767 Westwood Blvd,Los Angeles,CA,90024
900,HpGFjRML4rKx6WCdZbGc7w,Worldwide Tacos,3.5,265,2419 W Martin Luther King J,Los Angeles,CA,90008
901,Su29UkrAhKaYyctbxrqrfQ,Almaza,4.0,579,8905 W Venice Blvd,Los Angeles,CA,90034
902,UTBAwLDlZVFNHz44e0DLRg,Antico Restaurant,4.0,105,4653 Beverly Blvd,Los Angeles,CA,90004
903,szcrp3Yhq6LvblvN7aK39A,Kismet Rotisserie,3.5,90,4666 Hollywood Blvd,Los Angeles,CA,90027
904,f0gqmWZVJqvO95fbJ-Ge4A,Market Tavern,4.5,38,6333 W 3rd St,Los Angeles,CA,90036
905,KxSkOgk1-IHwK9XgM_N8Ew,Eight Korean BBQ,4.5,1652,863 S Western Ave,Los Angeles,CA,90005
906,sQJ788QT7wN5-d4MeuRVQA,Founders Ale House,4.5,243,8771 W Pico Blvd,Los Angeles,CA,90035
907,SAowTowinOSZUBm2U7zggQ,Original Tommy's World Famous Hamburgers,4.0,1258,2575 Beverly Blvd,Los Angeles,CA,90057
908,pdOUQItoKoKKelvcUvWcsA,Kien Giang Bakery,4.5,183,1471 Echo Park Ave,Los Angeles,CA,90026
909,xdpHcR7sG5eedSOfceVGZw,Tonkatsu House,4.0,142,928 S Western Ave,Los Angeles,CA,90006
910,OwheKHCdxP-v26l5nK_Lmw,Jitlada,3.5,2059,5233 W Sunset Blvd,Los Angeles,CA,90027
911,Z6_Gitnw1JV-KIJYioFtHA,California Kabob Kitchen,4.0,233,141 W 11th St,Los Angeles,CA,90015
912,CP6_-5GP7NyiNfUgZkVvMQ,Bon-Ga,5.0,4,3510 S Broadway,Los Angeles,CA,90007
913,vqexea2w5XPf4N1AJ8YL0w,The Wellesbourne,4.0,972,10929 W Pico Blvd,Los Angeles,CA,90064
914,8AMcVu62TQkLDuQP4jVNHQ,Pho 24,4.0,705,3450 W 6th St,Los Angeles,CA,90020
915,RMi8jn4ZBnAL3-l1T7tjmA,Alejandra’s Quesadilla Cart,4.5,166,1246 Echo Park Ave,Los Angeles,CA,90026
916,kW2-BjdJE9DX_9z0vHp9PA,La Piramide Salvadorena Restaurant,5.0,9,4021 Beverly Blvd,Los Angeles,CA,90004
917,5nIVpJNgiAsOFqKaa7d6Jw,Pho VT,4.0,151,1906 Hillhurst Ave,Los Angeles,CA,90027
918,G_V5eJFfYlTEERyIPR-8MQ,Otium,4.0,2028,222 S Hope St,Los Angeles,CA,90012
919,iFQOcE33X12V_iO4WY1qqg,Tokyo Cube,4.5,473,3175 Cahuenga Blvd W,Los Angeles,CA,90068
920,HN5yGVvfEcAs-0ux4KStWg,Everytable,4.5,96,700 South Flower St,Los Angeles,CA,90017
921,jEc9UnIE0LnMOpadEWxcLg,The Oyster Gourmet,4.0,246,317 S Broadway,Los Angeles,CA,90013
922,5dOPtshmBbC_3KvCQVGFZg,Bento Man,4.0,250,1500 S Western Ave,Los Angeles,CA,90006
923,nGl-1x3muEnPshitZycHBw,Grilled Fraiche,5.0,49,853 E Manchester Ave,Los Angeles,CA,90001
924,2GoGnKxRmKeL_D49pHlGKA,JINYA Ramen Bar,4.0,418,700 Wilshire Blvd,Los Angeles,CA,90017
925,3lODYQrvcGriv5Fc2JdPOQ,Point Point Joint Restaurant,4.0,102,4627 Santa Monica Blvd,Los Angeles,CA,90029
926,D33EEBVtWpKC8lh0YlMUVg,Kimukatsu,5.0,1,8116 Beverly Blvd,Los Angeles,CA,90048
927,tfb4cmzXA0YmKg0L0ZViEw,Stamp Proper Foods,4.0,305,4500 Los Feliz Blvd,Los Angeles,CA,90027
928,foBzz8XUsfttltHQSmLS3w,Gracie's Pizza,4.5,530,4330 Melrose Ave,Los Angeles,CA,90029
929,D4DoEd0h6MqbMcJRlNaL_A,Sweetfin,3.5,178,135 N Larchmont Blvd,Los Angeles,CA,90004
930,5WRkjiZWv25aGOUqfupSUQ,The New Moon,4.0,265,102 W 9th St,Los Angeles,CA,90015
931,osx53rqjXe6l9f5FJraVZw,Yamashiro Hollywood,3.5,3739,1999 N Sycamore Ave,Hollywood,CA,90068
932,JbIuJKkmv2SUkzZnbixFQQ,Sevan Garden Kebab House,4.0,147,621 S Broadway,Los Angeles,CA,90014
933,w-3gkMSx6il1Y6k9N2e3qA,Rosalind's Ethiopian Restaurant,4.0,605,1044 S Fairfax Ave,Los Angeles,CA,90019
934,4X8j8QlBiF61ezICJYf5tw,LONO Hollywood,4.5,424,6611 Hollywood Blvd,Los Angeles,CA,90028
935,dTs9nZSt2ht9-5T9yeIoiA,Rodeo Mexican Grill,3.5,311,1721 W Olympic Blvd,Los Angeles,CA,90015
936,HW91V0vFjRGE152HgkJsnA,Jewel,4.5,253,654 N Hoover St,Los Angeles,CA,90004
937,rIkpMo_HRh3XkH_Te-v7-A,LA Number 1 Chueotang,4.5,25,4251 W 3rd St,Los Angeles,CA,90020
938,ivxLZKuuvtq9cr5dLpMNXA,Vons Chicken,4.0,15,440 S Vermont Ave,Los Angeles,CA,90020
939,q8QnXC1jgonmFBinZUk75w,88 Hotdog & Juicy,4.5,58,3825 W 6th St,Los Angeles,CA,90020
940,520Wd4FU_DixBprFQQnnxg,Tacos Tumbras a Tomas,4.0,1034,317 S Broadway,Los Angeles,CA,90013
941,xvkQxQ8WoNoHwHw5rqxLuA,The Carving Board,4.5,380,11676 Gateway Blvd,Los Angeles,CA,90064
942,OsLpB7cWHwsNyiH8-gedoA,Hollywood Thai,4.0,522,5241 Hollywood Blvd,Los Angeles,CA,90027
943,eC6LKNPIDWHFj4KgDZgpJQ,Uncle Johnny's Burgers,5.0,86,4227 San Fernando Rd,Los Angeles,CA,91304
944,vb1-f0AzBYJOqKCFk4dUHA,Petite Peso,4.5,54,419 W 7th St,Los Angeles,CA,90014
945,mYARoYlKTqGd0a9-1YxveA,Gingergrass,3.5,1025,2396 Glendale Blvd,Los Angeles,CA,90039
946,tGLnYj10jHDZjxUbjzEtAg,Curry House CoCo Ichibanya,3.5,497,3500 W 6th St,Los Angeles,CA,90020
947,-Ic9_mGjEfuWeDXPRDInWA,"The Rooftop at The Standard, Downtown LA",3.5,1562,550 S Flower St,Los Angeles,CA,90071
948,Kvu6qZnDSkIwFz6Rxd7lZw,The Mint,3.5,319,6010 W Pico Blvd,Los Angeles,CA,90035
949,5mreMHu25d47CYLdrPsJDw,The Good Good - Vegan Kitchen + Bakeshop,5.0,180,4871 Santa Monica Blvd,Los Angeles,CA,90029
950,_o6cTaR_pnm2XucZS6fTug,Guisados,4.5,866,8935 Santa Monica Blvd,West Hollywood,CA,90069
951,R02yvpCAL64FgxLmoswAew,Ma Dang Gook Soo,4.0,645,869 S Western Ave,Los Angeles,CA,90005
952,Qji05C15SOCWLDYG0msfRQ,The Dog Cafe,4.0,274,240 N Virgil Ave,Los Angeles,CA,90004
953,391HI2FdOZbCV93iB4t0UQ,Buchun Gamjatang,4.5,94,3055 W 7th St,Los Angeles,CA,90005
954,c05Qnm6eNCj78D9amXXb3w,The Counter Miracle Mile,3.5,854,5779 Wilshire Blvd,Los Angeles,CA,90036
955,kornX_GAu5kTX5ALefTpFw,Spoon & Pork,4.5,219,3131 W Sunset Blvd,Los Angeles,CA,90026
956,VscSML6lgNgjJbm41Jqjog,SOL Mexican Cocina,4.0,1318,12775 W Millennium Dr,Los Angeles,CA,90094
957,xkQ5s7bqKbRTU9yjPHGt9g,Sunnin Lebanese Cafe,4.0,1114,1776 Westwood Blvd,Los Angeles,CA,90024
958,jjy2b_GQQmnfFKqK3mnaQQ,Vespertine,4.5,291,3599 Hayden Ave,Culver City,CA,90232
959,t8rBy8EwBt1cYFdkAPc4Lw,The House Of Machines,4.5,85,2028 E 7th St,Los Angeles,CA,90021
960,u8U8Zc1Se_gY30zNeOTSqg,Moun Of Tunis Restaurant,4.0,271,7445 1/2 W Sunset Blvd,Los Angeles,CA,90046
961,Nj9DLT1ctsZQ_ebo4eBBfw,Jack's Family Kitchen,4.5,245,3965 S Western Ave,Los Angeles,CA,90062
962,O0xszdHsAf5k4wqyLiz0xA,Pad Thai Diva,5.0,7,358 West 38th St,Los Angeles,CA,90037
963,cmXGqqZkPYlO5Xs1k58Efw,Prael,4.0,242,4620 Melrose Ave,Los Angeles,CA,90029
964,EoEfWLkzCZURcPgyFAqbJA,Don Lencho Restaurant,4.0,83,6119 S Normandie Ave,Los Angeles,CA,90044
965,J50DHUSmmWEu4FEvD-eT3w,Matsuri Bowl,4.0,108,3756 W Ave 40,Los Angeles,CA,90065
966,qhPBVr8vv75EsQXB_B194Q,V,4.0,235,515 W 7th St,Los Angeles,CA,90014
967,dQI2N7qVsjrQ4BxnyR0pHg,Wahlburgers,3.5,231,835 W Jefferson,Los Angeles,CA,90007
968,tzhSIM2rlEVjBB5qe7j63g,Wi Jammin Caribbean Cafe,3.5,215,1359 S Redondo Blvd,Los Angeles,CA,90019
969,tJsZbLxMiykQCek_-diOvg,Sushi Enya - Los Angeles,4.5,1431,343 E 1st St,Los Angeles,CA,90012
970,JvYCa7lKBmAAnZMlbQxFrQ,El Cholo,3.5,803,1037 S Flower St,Los Angeles,CA,90015
971,knM9GxAwy5kMvIjRcaDHxg,AJ's Tex-Mex & Barbecue,4.5,288,12123 Riverside Dr,Los Angeles,CA,91607
972,G660lq1Lw8xmHnPowvudDA,Blossom Vietnamese Restaurant,4.0,129,451 Gin Ling Way,Los Angeles,CA,90012
973,DTNkPkI26mgK-HChoFtusw,Kimbap Paradise,4.0,164,401 S Vermont Ave,Los Angeles,CA,90020
974,PFCz9hYL591OxtlRaSQMPQ,Mesa Thai Cuisine,4.5,209,820 N Western Ave,Los Angeles,CA,90029
975,ELVjiXuScL94Sw05HTaWqg,Sharky's Woodfired Mexican Grill,4.0,241,1716 N Cahuenga Blvd,Los Angeles,CA,90028
976,AEPPyGiMb02mVEPLk2n8nQ,Mima's Mediterranean & Homemade Food,4.5,41,628 Saint Vincent Ct,Los Angeles,CA,90014
977,bmZJURPplezNsJrudYGX0w,La Parrilla,3.0,299,1300 Wilshire Blvd,Los Angeles,CA,90017
978,w0cm7DFmBDQ_x2r83cvL6g,Apollonia's Pizzeria,4.0,499,5176 Wilshire Blvd,Los Angeles,CA,90036
979,y4T1r65LDjG_zaVSkxb8bg,Diamond Buffet & Grill,3.5,248,1901 W 7th St,Los Angeles,CA,90057
980,nMj6IEft0iSGtWoiJy8vjw,SongDo Seafood,5.0,21,2851W Olympic Blvd,Los Angeles,CA,90006
981,NfjUwveA5EA7Sptm3iS6Ow,The Izaka-Ya by Katsu-Ya West Hollywood,4.0,1061,8420 W 3rd St,Los Angeles,CA,90048
982,py2dW-WLfw8RfT4lkYX6pA,Hamasaku,4.0,540,11043 Santa Monica Blvd,Los Angeles,CA,90025
983,YpM5qRwt8uwC77WNZtGIfA,Muraya,4.0,117,125 N Larchmont Blvd,Los Angeles,CA,90004
984,6iJ_E5tMJII601mrzwwdrQ,Uncle John’s Cafe,4.0,779,834 S Grand Ave,Los Angeles,CA,90017
985,ICTrXwuFczeXxHye7fQxlA,Pizzanista,4.0,1221,2019 E 7th St,Los Angeles,CA,90021
986,wBl2kT_V44-Y7frfdtOusg,Funculo,4.5,246,724 S Spring St,Los Angeles,CA,90014
987,2TMvblZrRMW_mKcyHZ5ldA,La Chuperia,4.5,535,1145 N Mission Rd,Los Angeles,CA,90033
988,0MbnNM2IvNWMQ1YsPfDTjQ,"The Butcher, The Baker, The Cappuccino Maker",4.0,1758,8653 W Sunset Blvd,West Hollywood,CA,90069
989,qyGR1NvNZ4-17BpJ9LGMxA,BIBIBOP Asian Grill,4.0,133,6333 Sunset Blvd,Los Angeles,CA,90028
990,77mlIABntJQSWRMxq6vwJg,Oki's Dog,4.0,305,4601 W Pico Blvd,Los Angeles,CA,90019
991,n5D8b0zW2P8EJ58bMrUR9A,Veggie House,4.5,513,3217 Cahuenga Blvd W,Los Angeles,CA,90068
992,CVEq7fSO2VPB10FCMzpIOQ,Habibi Shack Food Truck,4.5,27,4650 West Sunset Blvd,Los Angeles,CA,90027
993,4AX7DMPPq2t-Hf8dEpi3yA,Yuko Kitchen,4.5,332,101 W 5th St,Los Angeles,CA,90013
994,blSFX8K7SGK5O--4xylJDQ,Haifa Restaurant,4.0,174,8717 W Pico Blvd,Los Angeles,CA,90035
995,oGV5efg62_PKRJsVNJmtCQ,Ariyoshi Sushi Cafe Izakaya,4.0,1108,5358 Wilshire Blvd,Los Angeles,CA,90036
996,vWycXIVP5CYns2tJvKQDsg,Vegan Glory,4.0,935,8393 Beverly Blvd,Los Angeles,CA,90048
997,xinlZt7g7kCgNDoapBvdoA,Chosun Galbee,4.0,1652,3330 W Olympic Blvd,Los Angeles,CA,90019
998,Eyw8qIh5LjbBXAYqdekk1A,Oh My Poki,4.5,162,333 S Alameda St,Los Angeles,CA,90013
999,spKUIFIABLaU63Ex4PEYvQ,Rays BBQ,4.5,801,6038 Santa Fe Ave,Huntington Park,CA,90255
